date,cpi,kibor_dataset_name,kibor_observation_date,oil_price,global_food_index
2018-10-01,6.5,Structure of Interest Rates: KIBORs and KIBIDs,2018-10-01,81.03,93.2
2018-10-01,6.5,Structure of Interest Rates: KIBORs and KIBIDs,2018-10-01,81.03,93.2
2018-10-01,6.5,Structure of Interest Rates: KIBORs and KIBIDs,2018-10-01,81.03,93.2
2018-10-01,6.5,Structure of Interest Rates: KIBORs and KIBIDs,2018-10-01,81.03,93.2
2018-10-01,6.5,Structure of Interest Rates: KIBORs and KIBIDs,2018-10-01,81.03,93.2
2018-10-01,6.5,Structure of Interest Rates: KIBORs and KIBIDs,2018-10-01,81.03,93.2
2018-10-01,6.5,Structure of Interest Rates: KIBORs and KIBIDs,2018-10-01,81.03,93.2
2018-10-01,6.5,Structure of Interest Rates: KIBORs and KIBIDs,2018-10-01,81.03,93.2
2018-10-01,6.5,Structure of Interest Rates: KIBORs and KIBIDs,2018-10-01,81.03,93.2
2018-10-01,6.5,Structure of Interest Rates: KIBORs and KIBIDs,2018-10-01,81.03,93.2
2018-10-01,6.5,Structure of Interest Rates: KIBORs and KIBIDs,2018-10-01,81.03,93.2
2018-10-01,6.5,Structure of Interest Rates: KIBORs and KIBIDs,2018-10-01,81.03,93.2
2018-10-01,6.5,Structure of Interest Rates: KIBORs and KIBIDs,2018-10-01,81.03,93.2
2018-10-01,6.5,Structure of Interest Rates: KIBORs and KIBIDs,2018-10-01,81.03,93.2
2018-10-01,6.5,Structure of Interest Rates: KIBORs and KIBIDs,2018-10-01,81.03,93.2
2018-10-01,6.5,Structure of Interest Rates: KIBORs and KIBIDs,2018-10-01,81.03,93.2
2018-10-01,6.5,Structure of Interest Rates: KIBORs and KIBIDs,2018-10-01,81.03,93.2
2018-10-01,6.5,Structure of Interest Rates: KIBORs and KIBIDs,2018-10-01,81.03,93.2
2018-11-01,5.66,Structure of Interest Rates: KIBORs and KIBIDs,2018-11-01,64.75,91.9
2018-11-01,5.66,Structure of Interest Rates: KIBORs and KIBIDs,2018-11-01,64.75,91.9
2018-11-01,5.66,Structure of Interest Rates: KIBORs and KIBIDs,2018-11-01,64.75,91.9
2018-11-01,5.66,Structure of Interest Rates: KIBORs and KIBIDs,2018-11-01,64.75,91.9
2018-11-01,5.66,Structure of Interest Rates: KIBORs and KIBIDs,2018-11-01,64.75,91.9
2018-11-01,5.66,Structure of Interest Rates: KIBORs and KIBIDs,2018-11-01,64.75,91.9
2018-11-01,5.66,Structure of Interest Rates: KIBORs and KIBIDs,2018-11-01,64.75,91.9
2018-11-01,5.66,Structure of Interest Rates: KIBORs and KIBIDs,2018-11-01,64.75,91.9
2018-11-01,5.66,Structure of Interest Rates: KIBORs and KIBIDs,2018-11-01,64.75,91.9
2018-11-01,5.66,Structure of Interest Rates: KIBORs and KIBIDs,2018-11-01,64.75,91.9
2018-11-01,5.66,Structure of Interest Rates: KIBORs and KIBIDs,2018-11-01,64.75,91.9
2018-11-01,5.66,Structure of Interest Rates: KIBORs and KIBIDs,2018-11-01,64.75,91.9
2018-11-01,5.66,Structure of Interest Rates: KIBORs and KIBIDs,2018-11-01,64.75,91.9
2018-11-01,5.66,Structure of Interest Rates: KIBORs and KIBIDs,2018-11-01,64.75,91.9
2018-11-01,5.66,Structure of Interest Rates: KIBORs and KIBIDs,2018-11-01,64.75,91.9
2018-11-01,5.66,Structure of Interest Rates: KIBORs and KIBIDs,2018-11-01,64.75,91.9
2018-11-01,5.66,Structure of Interest Rates: KIBORs and KIBIDs,2018-11-01,64.75,91.9
2018-11-01,5.66,Structure of Interest Rates: KIBORs and KIBIDs,2018-11-01,64.75,91.9
2018-12-01,5.37,Structure of Interest Rates: KIBORs and KIBIDs,2018-11-01,57.36,92
2019-01-01,5.55,Structure of Interest Rates: KIBORs and KIBIDs,2018-11-01,59.41,93.1
2019-02-01,6.75,Structure of Interest Rates: KIBORs and KIBIDs,2019-02-01,63.96,93.8
2019-02-01,6.75,Structure of Interest Rates: KIBORs and KIBIDs,2019-02-01,63.96,93.8
2019-02-01,6.75,Structure of Interest Rates: KIBORs and KIBIDs,2019-02-01,63.96,93.8
2019-02-01,6.75,Structure of Interest Rates: KIBORs and KIBIDs,2019-02-01,63.96,93.8
2019-02-01,6.75,Structure of Interest Rates: KIBORs and KIBIDs,2019-02-01,63.96,93.8
2019-02-01,6.75,Structure of Interest Rates: KIBORs and KIBIDs,2019-02-01,63.96,93.8
2019-02-01,6.75,Structure of Interest Rates: KIBORs and KIBIDs,2019-02-01,63.96,93.8
2019-02-01,6.75,Structure of Interest Rates: KIBORs and KIBIDs,2019-02-01,63.96,93.8
2019-02-01,6.75,Structure of Interest Rates: KIBORs and KIBIDs,2019-02-01,63.96,93.8
2019-02-01,6.75,Structure of Interest Rates: KIBORs and KIBIDs,2019-02-01,63.96,93.8
2019-02-01,6.75,Structure of Interest Rates: KIBORs and KIBIDs,2019-02-01,63.96,93.8
2019-02-01,6.75,Structure of Interest Rates: KIBORs and KIBIDs,2019-02-01,63.96,93.8
2019-02-01,6.75,Structure of Interest Rates: KIBORs and KIBIDs,2019-02-01,63.96,93.8
2019-02-01,6.75,Structure of Interest Rates: KIBORs and KIBIDs,2019-02-01,63.96,93.8
2019-02-01,6.75,Structure of Interest Rates: KIBORs and KIBIDs,2019-02-01,63.96,93.8
2019-02-01,6.75,Structure of Interest Rates: KIBORs and KIBIDs,2019-02-01,63.96,93.8
2019-02-01,6.75,Structure of Interest Rates: KIBORs and KIBIDs,2019-02-01,63.96,93.8
2019-02-01,6.75,Structure of Interest Rates: KIBORs and KIBIDs,2019-02-01,63.96,93.8
2019-03-01,8.64,Structure of Interest Rates: KIBORs and KIBIDs,2019-03-01,66.14,93
2019-03-01,8.64,Structure of Interest Rates: KIBORs and KIBIDs,2019-03-01,66.14,93
2019-03-01,8.64,Structure of Interest Rates: KIBORs and KIBIDs,2019-03-01,66.14,93
2019-03-01,8.64,Structure of Interest Rates: KIBORs and KIBIDs,2019-03-01,66.14,93
2019-03-01,8.64,Structure of Interest Rates: KIBORs and KIBIDs,2019-03-01,66.14,93
2019-03-01,8.64,Structure of Interest Rates: KIBORs and KIBIDs,2019-03-01,66.14,93
2019-03-01,8.64,Structure of Interest Rates: KIBORs and KIBIDs,2019-03-01,66.14,93
2019-03-01,8.64,Structure of Interest Rates: KIBORs and KIBIDs,2019-03-01,66.14,93
2019-03-01,8.64,Structure of Interest Rates: KIBORs and KIBIDs,2019-03-01,66.14,93
2019-03-01,8.64,Structure of Interest Rates: KIBORs and KIBIDs,2019-03-01,66.14,93
2019-03-01,8.64,Structure of Interest Rates: KIBORs and KIBIDs,2019-03-01,66.14,93
2019-03-01,8.64,Structure of Interest Rates: KIBORs and KIBIDs,2019-03-01,66.14,93
2019-03-01,8.64,Structure of Interest Rates: KIBORs and KIBIDs,2019-03-01,66.14,93
2019-03-01,8.64,Structure of Interest Rates: KIBORs and KIBIDs,2019-03-01,66.14,93
2019-03-01,8.64,Structure of Interest Rates: KIBORs and KIBIDs,2019-03-01,66.14,93
2019-03-01,8.64,Structure of Interest Rates: KIBORs and KIBIDs,2019-03-01,66.14,93
2019-03-01,8.64,Structure of Interest Rates: KIBORs and KIBIDs,2019-03-01,66.14,93
2019-03-01,8.64,Structure of Interest Rates: KIBORs and KIBIDs,2019-03-01,66.14,93
2019-04-01,8.27,Structure of Interest Rates: KIBORs and KIBIDs,2019-04-01,71.23,93.5
2019-04-01,8.27,Structure of Interest Rates: KIBORs and KIBIDs,2019-04-01,71.23,93.5
2019-04-01,8.27,Structure of Interest Rates: KIBORs and KIBIDs,2019-04-01,71.23,93.5
2019-04-01,8.27,Structure of Interest Rates: KIBORs and KIBIDs,2019-04-01,71.23,93.5
2019-04-01,8.27,Structure of Interest Rates: KIBORs and KIBIDs,2019-04-01,71.23,93.5
2019-04-01,8.27,Structure of Interest Rates: KIBORs and KIBIDs,2019-04-01,71.23,93.5
2019-04-01,8.27,Structure of Interest Rates: KIBORs and KIBIDs,2019-04-01,71.23,93.5
2019-04-01,8.27,Structure of Interest Rates: KIBORs and KIBIDs,2019-04-01,71.23,93.5
2019-04-01,8.27,Structure of Interest Rates: KIBORs and KIBIDs,2019-04-01,71.23,93.5
2019-04-01,8.27,Structure of Interest Rates: KIBORs and KIBIDs,2019-04-01,71.23,93.5
2019-04-01,8.27,Structure of Interest Rates: KIBORs and KIBIDs,2019-04-01,71.23,93.5
2019-04-01,8.27,Structure of Interest Rates: KIBORs and KIBIDs,2019-04-01,71.23,93.5
2019-04-01,8.27,Structure of Interest Rates: KIBORs and KIBIDs,2019-04-01,71.23,93.5
2019-04-01,8.27,Structure of Interest Rates: KIBORs and KIBIDs,2019-04-01,71.23,93.5
2019-04-01,8.27,Structure of Interest Rates: KIBORs and KIBIDs,2019-04-01,71.23,93.5
2019-04-01,8.27,Structure of Interest Rates: KIBORs and KIBIDs,2019-04-01,71.23,93.5
2019-04-01,8.27,Structure of Interest Rates: KIBORs and KIBIDs,2019-04-01,71.23,93.5
2019-04-01,8.27,Structure of Interest Rates: KIBORs and KIBIDs,2019-04-01,71.23,93.5
2019-05-01,8.42,Structure of Interest Rates: KIBORs and KIBIDs,2019-04-01,71.32,94.2
2019-06-01,8.04,Structure of Interest Rates: KIBORs and KIBIDs,2019-04-01,64.22,95.4
2019-07-01,8.38,Structure of Interest Rates: KIBORs and KIBIDs,2019-04-01,63.92,95.1
2019-08-01,10.49,Structure of Interest Rates: KIBORs and KIBIDs,2019-08-01,59.04,93.8
2019-08-01,10.49,Structure of Interest Rates: KIBORs and KIBIDs,2019-08-01,59.04,93.8
2019-08-01,10.49,Structure of Interest Rates: KIBORs and KIBIDs,2019-08-01,59.04,93.8
2019-08-01,10.49,Structure of Interest Rates: KIBORs and KIBIDs,2019-08-01,59.04,93.8
2019-08-01,10.49,Structure of Interest Rates: KIBORs and KIBIDs,2019-08-01,59.04,93.8
2019-08-01,10.49,Structure of Interest Rates: KIBORs and KIBIDs,2019-08-01,59.04,93.8
2019-08-01,10.49,Structure of Interest Rates: KIBORs and KIBIDs,2019-08-01,59.04,93.8
2019-08-01,10.49,Structure of Interest Rates: KIBORs and KIBIDs,2019-08-01,59.04,93.8
2019-08-01,10.49,Structure of Interest Rates: KIBORs and KIBIDs,2019-08-01,59.04,93.8
2019-08-01,10.49,Structure of Interest Rates: KIBORs and KIBIDs,2019-08-01,59.04,93.8
2019-08-01,10.49,Structure of Interest Rates: KIBORs and KIBIDs,2019-08-01,59.04,93.8
2019-08-01,10.49,Structure of Interest Rates: KIBORs and KIBIDs,2019-08-01,59.04,93.8
2019-08-01,10.49,Structure of Interest Rates: KIBORs and KIBIDs,2019-08-01,59.04,93.8
2019-08-01,10.49,Structure of Interest Rates: KIBORs and KIBIDs,2019-08-01,59.04,93.8
2019-08-01,10.49,Structure of Interest Rates: KIBORs and KIBIDs,2019-08-01,59.04,93.8
2019-08-01,10.49,Structure of Interest Rates: KIBORs and KIBIDs,2019-08-01,59.04,93.8
2019-08-01,10.49,Structure of Interest Rates: KIBORs and KIBIDs,2019-08-01,59.04,93.8
2019-08-01,10.49,Structure of Interest Rates: KIBORs and KIBIDs,2019-08-01,59.04,93.8
2019-09-01,11.38,Structure of Interest Rates: KIBORs and KIBIDs,2019-08-01,62.83,93.2
2019-10-01,11.04,Structure of Interest Rates: KIBORs and KIBIDs,2019-10-01,59.71,95
2019-10-01,11.04,Structure of Interest Rates: KIBORs and KIBIDs,2019-10-01,59.71,95
2019-10-01,11.04,Structure of Interest Rates: KIBORs and KIBIDs,2019-10-01,59.71,95
2019-10-01,11.04,Structure of Interest Rates: KIBORs and KIBIDs,2019-10-01,59.71,95
2019-10-01,11.04,Structure of Interest Rates: KIBORs and KIBIDs,2019-10-01,59.71,95
2019-10-01,11.04,Structure of Interest Rates: KIBORs and KIBIDs,2019-10-01,59.71,95
2019-10-01,11.04,Structure of Interest Rates: KIBORs and KIBIDs,2019-10-01,59.71,95
2019-10-01,11.04,Structure of Interest Rates: KIBORs and KIBIDs,2019-10-01,59.71,95
2019-10-01,11.04,Structure of Interest Rates: KIBORs and KIBIDs,2019-10-01,59.71,95
2019-10-01,11.04,Structure of Interest Rates: KIBORs and KIBIDs,2019-10-01,59.71,95
2019-10-01,11.04,Structure of Interest Rates: KIBORs and KIBIDs,2019-10-01,59.71,95
2019-10-01,11.04,Structure of Interest Rates: KIBORs and KIBIDs,2019-10-01,59.71,95
2019-10-01,11.04,Structure of Interest Rates: KIBORs and KIBIDs,2019-10-01,59.71,95
2019-10-01,11.04,Structure of Interest Rates: KIBORs and KIBIDs,2019-10-01,59.71,95
2019-10-01,11.04,Structure of Interest Rates: KIBORs and KIBIDs,2019-10-01,59.71,95
2019-10-01,11.04,Structure of Interest Rates: KIBORs and KIBIDs,2019-10-01,59.71,95
2019-10-01,11.04,Structure of Interest Rates: KIBORs and KIBIDs,2019-10-01,59.71,95
2019-10-01,11.04,Structure of Interest Rates: KIBORs and KIBIDs,2019-10-01,59.71,95
2019-11-01,12.67,Structure of Interest Rates: KIBORs and KIBIDs,2019-11-01,63.21,98.2
2019-11-01,12.67,Structure of Interest Rates: KIBORs and KIBIDs,2019-11-01,63.21,98.2
2019-11-01,12.67,Structure of Interest Rates: KIBORs and KIBIDs,2019-11-01,63.21,98.2
2019-11-01,12.67,Structure of Interest Rates: KIBORs and KIBIDs,2019-11-01,63.21,98.2
2019-11-01,12.67,Structure of Interest Rates: KIBORs and KIBIDs,2019-11-01,63.21,98.2
2019-11-01,12.67,Structure of Interest Rates: KIBORs and KIBIDs,2019-11-01,63.21,98.2
2019-11-01,12.67,Structure of Interest Rates: KIBORs and KIBIDs,2019-11-01,63.21,98.2
2019-11-01,12.67,Structure of Interest Rates: KIBORs and KIBIDs,2019-11-01,63.21,98.2
2019-11-01,12.67,Structure of Interest Rates: KIBORs and KIBIDs,2019-11-01,63.21,98.2
2019-11-01,12.67,Structure of Interest Rates: KIBORs and KIBIDs,2019-11-01,63.21,98.2
2019-11-01,12.67,Structure of Interest Rates: KIBORs and KIBIDs,2019-11-01,63.21,98.2
2019-11-01,12.67,Structure of Interest Rates: KIBORs and KIBIDs,2019-11-01,63.21,98.2
2019-11-01,12.67,Structure of Interest Rates: KIBORs and KIBIDs,2019-11-01,63.21,98.2
2019-11-01,12.67,Structure of Interest Rates: KIBORs and KIBIDs,2019-11-01,63.21,98.2
2019-11-01,12.67,Structure of Interest Rates: KIBORs and KIBIDs,2019-11-01,63.21,98.2
2019-11-01,12.67,Structure of Interest Rates: KIBORs and KIBIDs,2019-11-01,63.21,98.2
2019-11-01,12.67,Structure of Interest Rates: KIBORs and KIBIDs,2019-11-01,63.21,98.2
2019-11-01,12.67,Structure of Interest Rates: KIBORs and KIBIDs,2019-11-01,63.21,98.2
2019-12-01,12.63,Structure of Interest Rates: KIBORs and KIBIDs,2019-11-01,67.31,100.8
2020-01-01,14.56,Structure of Interest Rates: KIBORs and KIBIDs,2019-11-01,63.65,102.5
2020-02-01,12.4,Structure of Interest Rates: KIBORs and KIBIDs,2019-11-01,55.66,99.6
2020-03-01,10.24,Structure of Interest Rates: KIBORs and KIBIDs,2019-11-01,32.01,95.2
2020-04-01,8.52,Structure of Interest Rates: KIBORs and KIBIDs,2020-04-01,18.38,92.4
2020-04-01,8.52,Structure of Interest Rates: KIBORs and KIBIDs,2020-04-01,18.38,92.4
2020-04-01,8.52,Structure of Interest Rates: KIBORs and KIBIDs,2020-04-01,18.38,92.4
2020-04-01,8.52,Structure of Interest Rates: KIBORs and KIBIDs,2020-04-01,18.38,92.4
2020-04-01,8.52,Structure of Interest Rates: KIBORs and KIBIDs,2020-04-01,18.38,92.4
2020-04-01,8.52,Structure of Interest Rates: KIBORs and KIBIDs,2020-04-01,18.38,92.4
2020-04-01,8.52,Structure of Interest Rates: KIBORs and KIBIDs,2020-04-01,18.38,92.4
2020-04-01,8.52,Structure of Interest Rates: KIBORs and KIBIDs,2020-04-01,18.38,92.4
2020-04-01,8.52,Structure of Interest Rates: KIBORs and KIBIDs,2020-04-01,18.38,92.4
2020-04-01,8.52,Structure of Interest Rates: KIBORs and KIBIDs,2020-04-01,18.38,92.4
2020-04-01,8.52,Structure of Interest Rates: KIBORs and KIBIDs,2020-04-01,18.38,92.4
2020-04-01,8.52,Structure of Interest Rates: KIBORs and KIBIDs,2020-04-01,18.38,92.4
2020-04-01,8.52,Structure of Interest Rates: KIBORs and KIBIDs,2020-04-01,18.38,92.4
2020-04-01,8.52,Structure of Interest Rates: KIBORs and KIBIDs,2020-04-01,18.38,92.4
2020-05-01,8.23,Structure of Interest Rates: KIBORs and KIBIDs,2020-04-01,29.38,91.2
2020-06-01,8.59,Structure of Interest Rates: KIBORs and KIBIDs,2020-06-01,40.27,93.1
2020-06-01,8.59,Structure of Interest Rates: KIBORs and KIBIDs,2020-06-01,40.27,93.1
2020-06-01,8.59,Structure of Interest Rates: KIBORs and KIBIDs,2020-06-01,40.27,93.1
2020-06-01,8.59,Structure of Interest Rates: KIBORs and KIBIDs,2020-06-01,40.27,93.1
2020-06-01,8.59,Structure of Interest Rates: KIBORs and KIBIDs,2020-06-01,40.27,93.1
2020-06-01,8.59,Structure of Interest Rates: KIBORs and KIBIDs,2020-06-01,40.27,93.1
2020-06-01,8.59,Structure of Interest Rates: KIBORs and KIBIDs,2020-06-01,40.27,93.1
2020-06-01,8.59,Structure of Interest Rates: KIBORs and KIBIDs,2020-06-01,40.27,93.1
2020-06-01,8.59,Structure of Interest Rates: KIBORs and KIBIDs,2020-06-01,40.27,93.1
2020-06-01,8.59,Structure of Interest Rates: KIBORs and KIBIDs,2020-06-01,40.27,93.1
2020-06-01,8.59,Structure of Interest Rates: KIBORs and KIBIDs,2020-06-01,40.27,93.1
2020-06-01,8.59,Structure of Interest Rates: KIBORs and KIBIDs,2020-06-01,40.27,93.1
2020-06-01,8.59,Structure of Interest Rates: KIBORs and KIBIDs,2020-06-01,40.27,93.1
2020-06-01,8.59,Structure of Interest Rates: KIBORs and KIBIDs,2020-06-01,40.27,93.1
2020-07-01,9.3,Structure of Interest Rates: KIBORs and KIBIDs,2020-06-01,43.24,93.8
2020-08-01,8.21,Structure of Interest Rates: KIBORs and KIBIDs,2020-06-01,44.74,95.7
2020-09-01,9.03,Structure of Interest Rates: KIBORs and KIBIDs,2020-09-01,40.91,97.9
2020-09-01,9.03,Structure of Interest Rates: KIBORs and KIBIDs,2020-09-01,40.91,97.9
2020-09-01,9.03,Structure of Interest Rates: KIBORs and KIBIDs,2020-09-01,40.91,97.9
2020-09-01,9.03,Structure of Interest Rates: KIBORs and KIBIDs,2020-09-01,40.91,97.9
2020-09-01,9.03,Structure of Interest Rates: KIBORs and KIBIDs,2020-09-01,40.91,97.9
2020-09-01,9.03,Structure of Interest Rates: KIBORs and KIBIDs,2020-09-01,40.91,97.9
2020-09-01,9.03,Structure of Interest Rates: KIBORs and KIBIDs,2020-09-01,40.91,97.9
2020-09-01,9.03,Structure of Interest Rates: KIBORs and KIBIDs,2020-09-01,40.91,97.9
2020-09-01,9.03,Structure of Interest Rates: KIBORs and KIBIDs,2020-09-01,40.91,97.9
2020-09-01,9.03,Structure of Interest Rates: KIBORs and KIBIDs,2020-09-01,40.91,97.9
2020-09-01,9.03,Structure of Interest Rates: KIBORs and KIBIDs,2020-09-01,40.91,97.9
2020-09-01,9.03,Structure of Interest Rates: KIBORs and KIBIDs,2020-09-01,40.91,97.9
2020-09-01,9.03,Structure of Interest Rates: KIBORs and KIBIDs,2020-09-01,40.91,97.9
2020-09-01,9.03,Structure of Interest Rates: KIBORs and KIBIDs,2020-09-01,40.91,97.9
2020-10-01,8.91,Structure of Interest Rates: KIBORs and KIBIDs,2020-10-01,40.19,101.3
2020-10-01,8.91,Structure of Interest Rates: KIBORs and KIBIDs,2020-10-01,40.19,101.3
2020-10-01,8.91,Structure of Interest Rates: KIBORs and KIBIDs,2020-10-01,40.19,101.3
2020-10-01,8.91,Structure of Interest Rates: KIBORs and KIBIDs,2020-10-01,40.19,101.3
2020-10-01,8.91,Structure of Interest Rates: KIBORs and KIBIDs,2020-10-01,40.19,101.3
2020-10-01,8.91,Structure of Interest Rates: KIBORs and KIBIDs,2020-10-01,40.19,101.3
2020-10-01,8.91,Structure of Interest Rates: KIBORs and KIBIDs,2020-10-01,40.19,101.3
2020-10-01,8.91,Structure of Interest Rates: KIBORs and KIBIDs,2020-10-01,40.19,101.3
2020-10-01,8.91,Structure of Interest Rates: KIBORs and KIBIDs,2020-10-01,40.19,101.3
2020-10-01,8.91,Structure of Interest Rates: KIBORs and KIBIDs,2020-10-01,40.19,101.3
2020-10-01,8.91,Structure of Interest Rates: KIBORs and KIBIDs,2020-10-01,40.19,101.3
2020-10-01,8.91,Structure of Interest Rates: KIBORs and KIBIDs,2020-10-01,40.19,101.3
2020-10-01,8.91,Structure of Interest Rates: KIBORs and KIBIDs,2020-10-01,40.19,101.3
2020-10-01,8.91,Structure of Interest Rates: KIBORs and KIBIDs,2020-10-01,40.19,101.3
2020-11-01,8.35,Structure of Interest Rates: KIBORs and KIBIDs,2020-10-01,42.69,105.5
2020-12-01,7.98,Structure of Interest Rates: KIBORs and KIBIDs,2020-12-01,49.99,108.5
2020-12-01,7.98,Structure of Interest Rates: KIBORs and KIBIDs,2020-12-01,49.99,108.5
2020-12-01,7.98,Structure of Interest Rates: KIBORs and KIBIDs,2020-12-01,49.99,108.5
2020-12-01,7.98,Structure of Interest Rates: KIBORs and KIBIDs,2020-12-01,49.99,108.5
2020-12-01,7.98,Structure of Interest Rates: KIBORs and KIBIDs,2020-12-01,49.99,108.5
2020-12-01,7.98,Structure of Interest Rates: KIBORs and KIBIDs,2020-12-01,49.99,108.5
2020-12-01,7.98,Structure of Interest Rates: KIBORs and KIBIDs,2020-12-01,49.99,108.5
2020-12-01,7.98,Structure of Interest Rates: KIBORs and KIBIDs,2020-12-01,49.99,108.5
2020-12-01,7.98,Structure of Interest Rates: KIBORs and KIBIDs,2020-12-01,49.99,108.5
2020-12-01,7.98,Structure of Interest Rates: KIBORs and KIBIDs,2020-12-01,49.99,108.5
2020-12-01,7.98,Structure of Interest Rates: KIBORs and KIBIDs,2020-12-01,49.99,108.5
2020-12-01,7.98,Structure of Interest Rates: KIBORs and KIBIDs,2020-12-01,49.99,108.5
2020-12-01,7.98,Structure of Interest Rates: KIBORs and KIBIDs,2020-12-01,49.99,108.5
2020-12-01,7.98,Structure of Interest Rates: KIBORs and KIBIDs,2020-12-01,49.99,108.5
2021-01-01,5.7,Structure of Interest Rates: KIBORs and KIBIDs,2020-12-01,54.77,113.5
2021-02-01,8.7,Structure of Interest Rates: KIBORs and KIBIDs,2021-02-01,62.28,116.5
2021-02-01,8.7,Structure of Interest Rates: KIBORs and KIBIDs,2021-02-01,62.28,116.5
2021-02-01,8.7,Structure of Interest Rates: KIBORs and KIBIDs,2021-02-01,62.28,116.5
2021-02-01,8.7,Structure of Interest Rates: KIBORs and KIBIDs,2021-02-01,62.28,116.5
2021-02-01,8.7,Structure of Interest Rates: KIBORs and KIBIDs,2021-02-01,62.28,116.5
2021-02-01,8.7,Structure of Interest Rates: KIBORs and KIBIDs,2021-02-01,62.28,116.5
2021-02-01,8.7,Structure of Interest Rates: KIBORs and KIBIDs,2021-02-01,62.28,116.5
2021-02-01,8.7,Structure of Interest Rates: KIBORs and KIBIDs,2021-02-01,62.28,116.5
2021-02-01,8.7,Structure of Interest Rates: KIBORs and KIBIDs,2021-02-01,62.28,116.5
2021-02-01,8.7,Structure of Interest Rates: KIBORs and KIBIDs,2021-02-01,62.28,116.5
2021-02-01,8.7,Structure of Interest Rates: KIBORs and KIBIDs,2021-02-01,62.28,116.5
2021-02-01,8.7,Structure of Interest Rates: KIBORs and KIBIDs,2021-02-01,62.28,116.5
2021-02-01,8.7,Structure of Interest Rates: KIBORs and KIBIDs,2021-02-01,62.28,116.5
2021-02-01,8.7,Structure of Interest Rates: KIBORs and KIBIDs,2021-02-01,62.28,116.5
2021-03-01,9.1,Structure of Interest Rates: KIBORs and KIBIDs,2021-03-01,65.41,119.1
2021-03-01,9.1,Structure of Interest Rates: KIBORs and KIBIDs,2021-03-01,65.41,119.1
2021-03-01,9.1,Structure of Interest Rates: KIBORs and KIBIDs,2021-03-01,65.41,119.1
2021-03-01,9.1,Structure of Interest Rates: KIBORs and KIBIDs,2021-03-01,65.41,119.1
2021-03-01,9.1,Structure of Interest Rates: KIBORs and KIBIDs,2021-03-01,65.41,119.1
2021-03-01,9.1,Structure of Interest Rates: KIBORs and KIBIDs,2021-03-01,65.41,119.1
2021-03-01,9.1,Structure of Interest Rates: KIBORs and KIBIDs,2021-03-01,65.41,119.1
2021-03-01,9.1,Structure of Interest Rates: KIBORs and KIBIDs,2021-03-01,65.41,119.1
2021-03-01,9.1,Structure of Interest Rates: KIBORs and KIBIDs,2021-03-01,65.41,119.1
2021-03-01,9.1,Structure of Interest Rates: KIBORs and KIBIDs,2021-03-01,65.41,119.1
2021-03-01,9.1,Structure of Interest Rates: KIBORs and KIBIDs,2021-03-01,65.41,119.1
2021-03-01,9.1,Structure of Interest Rates: KIBORs and KIBIDs,2021-03-01,65.41,119.1
2021-03-01,9.1,Structure of Interest Rates: KIBORs and KIBIDs,2021-03-01,65.41,119.1
2021-03-01,9.1,Structure of Interest Rates: KIBORs and KIBIDs,2021-03-01,65.41,119.1
2021-04-01,11.1,Structure of Interest Rates: KIBORs and KIBIDs,2021-04-01,64.81,122.1
2021-04-01,11.1,Structure of Interest Rates: KIBORs and KIBIDs,2021-04-01,64.81,122.1
2021-04-01,11.1,Structure of Interest Rates: KIBORs and KIBIDs,2021-04-01,64.81,122.1
2021-04-01,11.1,Structure of Interest Rates: KIBORs and KIBIDs,2021-04-01,64.81,122.1
2021-04-01,11.1,Structure of Interest Rates: KIBORs and KIBIDs,2021-04-01,64.81,122.1
2021-04-01,11.1,Structure of Interest Rates: KIBORs and KIBIDs,2021-04-01,64.81,122.1
2021-04-01,11.1,Structure of Interest Rates: KIBORs and KIBIDs,2021-04-01,64.81,122.1
2021-04-01,11.1,Structure of Interest Rates: KIBORs and KIBIDs,2021-04-01,64.81,122.1
2021-04-01,11.1,Structure of Interest Rates: KIBORs and KIBIDs,2021-04-01,64.81,122.1
2021-04-01,11.1,Structure of Interest Rates: KIBORs and KIBIDs,2021-04-01,64.81,122.1
2021-04-01,11.1,Structure of Interest Rates: KIBORs and KIBIDs,2021-04-01,64.81,122.1
2021-04-01,11.1,Structure of Interest Rates: KIBORs and KIBIDs,2021-04-01,64.81,122.1
2021-04-01,11.1,Structure of Interest Rates: KIBORs and KIBIDs,2021-04-01,64.81,122.1
2021-04-01,11.1,Structure of Interest Rates: KIBORs and KIBIDs,2021-04-01,64.81,122.1
2021-05-01,10.86176628,Structure of Interest Rates: KIBORs and KIBIDs,2021-04-01,68.53,128.4
2021-06-01,9.655669291,Structure of Interest Rates: KIBORs and KIBIDs,2021-06-01,73.16,125.4
2021-06-01,9.655669291,Structure of Interest Rates: KIBORs and KIBIDs,2021-06-01,73.16,125.4
2021-06-01,9.655669291,Structure of Interest Rates: KIBORs and KIBIDs,2021-06-01,73.16,125.4
2021-06-01,9.655669291,Structure of Interest Rates: KIBORs and KIBIDs,2021-06-01,73.16,125.4
2021-06-01,9.655669291,Structure of Interest Rates: KIBORs and KIBIDs,2021-06-01,73.16,125.4
2021-06-01,9.655669291,Structure of Interest Rates: KIBORs and KIBIDs,2021-06-01,73.16,125.4
2021-06-01,9.655669291,Structure of Interest Rates: KIBORs and KIBIDs,2021-06-01,73.16,125.4
2021-06-01,9.655669291,Structure of Interest Rates: KIBORs and KIBIDs,2021-06-01,73.16,125.4
2021-06-01,9.655669291,Structure of Interest Rates: KIBORs and KIBIDs,2021-06-01,73.16,125.4
2021-06-01,9.655669291,Structure of Interest Rates: KIBORs and KIBIDs,2021-06-01,73.16,125.4
2021-06-01,9.655669291,Structure of Interest Rates: KIBORs and KIBIDs,2021-06-01,73.16,125.4
2021-06-01,9.655669291,Structure of Interest Rates: KIBORs and KIBIDs,2021-06-01,73.16,125.4
2021-06-01,9.655669291,Structure of Interest Rates: KIBORs and KIBIDs,2021-06-01,73.16,125.4
2021-06-01,9.655669291,Structure of Interest Rates: KIBORs and KIBIDs,2021-06-01,73.16,125.4
2021-07-01,8.405968385,Structure of Interest Rates: KIBORs and KIBIDs,2021-06-01,75.17,124.4
2021-08-01,8.353519783,Structure of Interest Rates: KIBORs and KIBIDs,2021-06-01,70.75,128
2021-09-01,8.979178716,Structure of Interest Rates: KIBORs and KIBIDs,2021-09-01,74.49,129.1
2021-09-01,8.979178716,Structure of Interest Rates: KIBORs and KIBIDs,2021-09-01,74.49,129.1
2021-09-01,8.979178716,Structure of Interest Rates: KIBORs and KIBIDs,2021-09-01,74.49,129.1
2021-09-01,8.979178716,Structure of Interest Rates: KIBORs and KIBIDs,2021-09-01,74.49,129.1
2021-09-01,8.979178716,Structure of Interest Rates: KIBORs and KIBIDs,2021-09-01,74.49,129.1
2021-09-01,8.979178716,Structure of Interest Rates: KIBORs and KIBIDs,2021-09-01,74.49,129.1
2021-09-01,8.979178716,Structure of Interest Rates: KIBORs and KIBIDs,2021-09-01,74.49,129.1
2021-09-01,8.979178716,Structure of Interest Rates: KIBORs and KIBIDs,2021-09-01,74.49,129.1
2021-09-01,8.979178716,Structure of Interest Rates: KIBORs and KIBIDs,2021-09-01,74.49,129.1
2021-09-01,8.979178716,Structure of Interest Rates: KIBORs and KIBIDs,2021-09-01,74.49,129.1
2021-09-01,8.979178716,Structure of Interest Rates: KIBORs and KIBIDs,2021-09-01,74.49,129.1
2021-09-01,8.979178716,Structure of Interest Rates: KIBORs and KIBIDs,2021-09-01,74.49,129.1
2021-09-01,8.979178716,Structure of Interest Rates: KIBORs and KIBIDs,2021-09-01,74.49,129.1
2021-09-01,8.979178716,Structure of Interest Rates: KIBORs and KIBIDs,2021-09-01,74.49,129.1
2021-10-01,9.2,Structure of Interest Rates: KIBORs and KIBIDs,2021-10-01,83.54,133.3
2021-10-01,9.2,Structure of Interest Rates: KIBORs and KIBIDs,2021-10-01,83.54,133.3
2021-10-01,9.2,Structure of Interest Rates: KIBORs and KIBIDs,2021-10-01,83.54,133.3
2021-10-01,9.2,Structure of Interest Rates: KIBORs and KIBIDs,2021-10-01,83.54,133.3
2021-10-01,9.2,Structure of Interest Rates: KIBORs and KIBIDs,2021-10-01,83.54,133.3
2021-10-01,9.2,Structure of Interest Rates: KIBORs and KIBIDs,2021-10-01,83.54,133.3
2021-10-01,9.2,Structure of Interest Rates: KIBORs and KIBIDs,2021-10-01,83.54,133.3
2021-10-01,9.2,Structure of Interest Rates: KIBORs and KIBIDs,2021-10-01,83.54,133.3
2021-10-01,9.2,Structure of Interest Rates: KIBORs and KIBIDs,2021-10-01,83.54,133.3
2021-10-01,9.2,Structure of Interest Rates: KIBORs and KIBIDs,2021-10-01,83.54,133.3
2021-10-01,9.2,Structure of Interest Rates: KIBORs and KIBIDs,2021-10-01,83.54,133.3
2021-10-01,9.2,Structure of Interest Rates: KIBORs and KIBIDs,2021-10-01,83.54,133.3
2021-10-01,9.2,Structure of Interest Rates: KIBORs and KIBIDs,2021-10-01,83.54,133.3
2021-10-01,9.2,Structure of Interest Rates: KIBORs and KIBIDs,2021-10-01,83.54,133.3
2021-11-01,11.5,Structure of Interest Rates: KIBORs and KIBIDs,2021-11-01,81.05,135.4
2021-11-01,11.5,Structure of Interest Rates: KIBORs and KIBIDs,2021-11-01,81.05,135.4
2021-11-01,11.5,Structure of Interest Rates: KIBORs and KIBIDs,2021-11-01,81.05,135.4
2021-11-01,11.5,Structure of Interest Rates: KIBORs and KIBIDs,2021-11-01,81.05,135.4
2021-11-01,11.5,Structure of Interest Rates: KIBORs and KIBIDs,2021-11-01,81.05,135.4
2021-11-01,11.5,Structure of Interest Rates: KIBORs and KIBIDs,2021-11-01,81.05,135.4
2021-11-01,11.5,Structure of Interest Rates: KIBORs and KIBIDs,2021-11-01,81.05,135.4
2021-11-01,11.5,Structure of Interest Rates: KIBORs and KIBIDs,2021-11-01,81.05,135.4
2021-11-01,11.5,Structure of Interest Rates: KIBORs and KIBIDs,2021-11-01,81.05,135.4
2021-11-01,11.5,Structure of Interest Rates: KIBORs and KIBIDs,2021-11-01,81.05,135.4
2021-11-01,11.5,Structure of Interest Rates: KIBORs and KIBIDs,2021-11-01,81.05,135.4
2021-11-01,11.5,Structure of Interest Rates: KIBORs and KIBIDs,2021-11-01,81.05,135.4
2021-11-01,11.5,Structure of Interest Rates: KIBORs and KIBIDs,2021-11-01,81.05,135.4
2021-11-01,11.5,Structure of Interest Rates: KIBORs and KIBIDs,2021-11-01,81.05,135.4
2021-12-01,12.28169814,Structure of Interest Rates: KIBORs and KIBIDs,2021-12-01,74.17,133.7
2021-12-01,12.28169814,Structure of Interest Rates: KIBORs and KIBIDs,2021-12-01,74.17,133.7
2021-12-01,12.28169814,Structure of Interest Rates: KIBORs and KIBIDs,2021-12-01,74.17,133.7
2021-12-01,12.28169814,Structure of Interest Rates: KIBORs and KIBIDs,2021-12-01,74.17,133.7
2021-12-01,12.28169814,Structure of Interest Rates: KIBORs and KIBIDs,2021-12-01,74.17,133.7
2021-12-01,12.28169814,Structure of Interest Rates: KIBORs and KIBIDs,2021-12-01,74.17,133.7
2021-12-01,12.28169814,Structure of Interest Rates: KIBORs and KIBIDs,2021-12-01,74.17,133.7
2021-12-01,12.28169814,Structure of Interest Rates: KIBORs and KIBIDs,2021-12-01,74.17,133.7
2021-12-01,12.28169814,Structure of Interest Rates: KIBORs and KIBIDs,2021-12-01,74.17,133.7
2021-12-01,12.28169814,Structure of Interest Rates: KIBORs and KIBIDs,2021-12-01,74.17,133.7
2021-12-01,12.28169814,Structure of Interest Rates: KIBORs and KIBIDs,2021-12-01,74.17,133.7
2021-12-01,12.28169814,Structure of Interest Rates: KIBORs and KIBIDs,2021-12-01,74.17,133.7
2021-12-01,12.28169814,Structure of Interest Rates: KIBORs and KIBIDs,2021-12-01,74.17,133.7
2021-12-01,12.28169814,Structure of Interest Rates: KIBORs and KIBIDs,2021-12-01,74.17,133.7
2021-12-01,12.28169814,Structure of Interest Rates: KIBORs and KIBIDs,2021-12-01,74.17,133.7
2021-12-01,12.28169814,Structure of Interest Rates: KIBORs and KIBIDs,2021-12-01,74.17,133.7
2021-12-01,12.28169814,Structure of Interest Rates: KIBORs and KIBIDs,2021-12-01,74.17,133.7
2021-12-01,12.28169814,Structure of Interest Rates: KIBORs and KIBIDs,2021-12-01,74.17,133.7
2021-12-01,12.28169814,Structure of Interest Rates: KIBORs and KIBIDs,2021-12-01,74.17,133.7
2021-12-01,12.28169814,Structure of Interest Rates: KIBORs and KIBIDs,2021-12-01,74.17,133.7
2021-12-01,12.28169814,Structure of Interest Rates: KIBORs and KIBIDs,2021-12-01,74.17,133.7
2021-12-01,12.28169814,Structure of Interest Rates: KIBORs and KIBIDs,2021-12-01,74.17,133.7
2021-12-01,12.28169814,Structure of Interest Rates: KIBORs and KIBIDs,2021-12-01,74.17,133.7
2021-12-01,12.28169814,Structure of Interest Rates: KIBORs and KIBIDs,2021-12-01,74.17,133.7
2021-12-01,12.28169814,Structure of Interest Rates: KIBORs and KIBIDs,2021-12-01,74.17,133.7
2021-12-01,12.28169814,Structure of Interest Rates: KIBORs and KIBIDs,2021-12-01,74.17,133.7
2021-12-01,12.28169814,Structure of Interest Rates: KIBORs and KIBIDs,2021-12-01,74.17,133.7
2021-12-01,12.28169814,Structure of Interest Rates: KIBORs and KIBIDs,2021-12-01,74.17,133.7
2021-12-01,12.28169814,Structure of Interest Rates: KIBORs and KIBIDs,2021-12-01,74.17,133.7
2021-12-01,12.28169814,Structure of Interest Rates: KIBORs and KIBIDs,2021-12-01,74.17,133.7
2021-12-01,12.28169814,Structure of Interest Rates: KIBORs and KIBIDs,2021-12-01,74.17,133.7
2021-12-01,12.28169814,Structure of Interest Rates: KIBORs and KIBIDs,2021-12-01,74.17,133.7
2021-12-01,12.28169814,Structure of Interest Rates: KIBORs and KIBIDs,2021-12-01,74.17,133.7
2021-12-01,12.28169814,Structure of Interest Rates: KIBORs and KIBIDs,2021-12-01,74.17,133.7
2021-12-01,12.28169814,Structure of Interest Rates: KIBORs and KIBIDs,2021-12-01,74.17,133.7
2021-12-01,12.28169814,Structure of Interest Rates: KIBORs and KIBIDs,2021-12-01,74.17,133.7
2021-12-01,12.28169814,Structure of Interest Rates: KIBORs and KIBIDs,2021-12-01,74.17,133.7
2021-12-01,12.28169814,Structure of Interest Rates: KIBORs and KIBIDs,2021-12-01,74.17,133.7
2021-12-01,12.28169814,Structure of Interest Rates: KIBORs and KIBIDs,2021-12-01,74.17,133.7
2021-12-01,12.28169814,Structure of Interest Rates: KIBORs and KIBIDs,2021-12-01,74.17,133.7
2021-12-01,12.28169814,Structure of Interest Rates: KIBORs and KIBIDs,2021-12-01,74.17,133.7
2021-12-01,12.28169814,Structure of Interest Rates: KIBORs and KIBIDs,2021-12-01,74.17,133.7
2021-12-01,12.28169814,Structure of Interest Rates: KIBORs and KIBIDs,2021-12-01,74.17,133.7
2021-12-01,12.28169814,Structure of Interest Rates: KIBORs and KIBIDs,2021-12-01,74.17,133.7
2021-12-01,12.28169814,Structure of Interest Rates: KIBORs and KIBIDs,2021-12-01,74.17,133.7
2021-12-01,12.28169814,Structure of Interest Rates: KIBORs and KIBIDs,2021-12-01,74.17,133.7
2021-12-01,12.28169814,Structure of Interest Rates: KIBORs and KIBIDs,2021-12-01,74.17,133.7
2021-12-01,12.28169814,Structure of Interest Rates: KIBORs and KIBIDs,2021-12-01,74.17,133.7
2021-12-01,12.28169814,Structure of Interest Rates: KIBORs and KIBIDs,2021-12-01,74.17,133.7
2021-12-01,12.28169814,Structure of Interest Rates: KIBORs and KIBIDs,2021-12-01,74.17,133.7
2021-12-01,12.28169814,Structure of Interest Rates: KIBORs and KIBIDs,2021-12-01,74.17,133.7
2021-12-01,12.28169814,Structure of Interest Rates: KIBORs and KIBIDs,2021-12-01,74.17,133.7
2021-12-01,12.28169814,Structure of Interest Rates: KIBORs and KIBIDs,2021-12-01,74.17,133.7
2021-12-01,12.28169814,Structure of Interest Rates: KIBORs and KIBIDs,2021-12-01,74.17,133.7
2021-12-01,12.28169814,Structure of Interest Rates: KIBORs and KIBIDs,2021-12-01,74.17,133.7
2021-12-01,12.28169814,Structure of Interest Rates: KIBORs and KIBIDs,2021-12-01,74.17,133.7
2021-12-01,12.28169814,Structure of Interest Rates: KIBORs and KIBIDs,2021-12-01,74.17,133.7
2021-12-01,12.28169814,Structure of Interest Rates: KIBORs and KIBIDs,2021-12-01,74.17,133.7
2021-12-01,12.28169814,Structure of Interest Rates: KIBORs and KIBIDs,2021-12-01,74.17,133.7
2021-12-01,12.28169814,Structure of Interest Rates: KIBORs and KIBIDs,2021-12-01,74.17,133.7
2021-12-01,12.28169814,Structure of Interest Rates: KIBORs and KIBIDs,2021-12-01,74.17,133.7
2021-12-01,12.28169814,Structure of Interest Rates: KIBORs and KIBIDs,2021-12-01,74.17,133.7
2021-12-01,12.28169814,Structure of Interest Rates: KIBORs and KIBIDs,2021-12-01,74.17,133.7
2021-12-01,12.28169814,Structure of Interest Rates: KIBORs and KIBIDs,2021-12-01,74.17,133.7
2021-12-01,12.28169814,Structure of Interest Rates: KIBORs and KIBIDs,2021-12-01,74.17,133.7
2021-12-01,12.28169814,Structure of Interest Rates: KIBORs and KIBIDs,2021-12-01,74.17,133.7
2021-12-01,12.28169814,Structure of Interest Rates: KIBORs and KIBIDs,2021-12-01,74.17,133.7
2021-12-01,12.28169814,Structure of Interest Rates: KIBORs and KIBIDs,2021-12-01,74.17,133.7
2021-12-01,12.28169814,Structure of Interest Rates: KIBORs and KIBIDs,2021-12-01,74.17,133.7
2021-12-01,12.28169814,Structure of Interest Rates: KIBORs and KIBIDs,2021-12-01,74.17,133.7
2021-12-01,12.28169814,Structure of Interest Rates: KIBORs and KIBIDs,2021-12-01,74.17,133.7
2021-12-01,12.28169814,Structure of Interest Rates: KIBORs and KIBIDs,2021-12-01,74.17,133.7
2021-12-01,12.28169814,Structure of Interest Rates: KIBORs and KIBIDs,2021-12-01,74.17,133.7
2021-12-01,12.28169814,Structure of Interest Rates: KIBORs and KIBIDs,2021-12-01,74.17,133.7
2021-12-01,12.28169814,Structure of Interest Rates: KIBORs and KIBIDs,2021-12-01,74.17,133.7
2021-12-01,12.28169814,Structure of Interest Rates: KIBORs and KIBIDs,2021-12-01,74.17,133.7
2021-12-01,12.28169814,Structure of Interest Rates: KIBORs and KIBIDs,2021-12-01,74.17,133.7
2021-12-01,12.28169814,Structure of Interest Rates: KIBORs and KIBIDs,2021-12-01,74.17,133.7
2021-12-01,12.28169814,Structure of Interest Rates: KIBORs and KIBIDs,2021-12-01,74.17,133.7
2021-12-01,12.28169814,Structure of Interest Rates: KIBORs and KIBIDs,2021-12-01,74.17,133.7
2021-12-01,12.28169814,Structure of Interest Rates: KIBORs and KIBIDs,2021-12-01,74.17,133.7
2021-12-01,12.28169814,Structure of Interest Rates: KIBORs and KIBIDs,2021-12-01,74.17,133.7
2021-12-01,12.28169814,Structure of Interest Rates: KIBORs and KIBIDs,2021-12-01,74.17,133.7
2021-12-01,12.28169814,Structure of Interest Rates: KIBORs and KIBIDs,2021-12-01,74.17,133.7
2022-01-01,12.96243597,Structure of Interest Rates: KIBORs and KIBIDs,2021-12-01,86.51,135.7
2022-02-01,12.24404221,Structure of Interest Rates: KIBORs and KIBIDs,2022-02-01,97.13,141.7
2022-02-01,12.24404221,Structure of Interest Rates: KIBORs and KIBIDs,2022-02-01,97.13,141.7
2022-02-01,12.24404221,Structure of Interest Rates: KIBORs and KIBIDs,2022-02-01,97.13,141.7
2022-02-01,12.24404221,Structure of Interest Rates: KIBORs and KIBIDs,2022-02-01,97.13,141.7
2022-02-01,12.24404221,Structure of Interest Rates: KIBORs and KIBIDs,2022-02-01,97.13,141.7
2022-02-01,12.24404221,Structure of Interest Rates: KIBORs and KIBIDs,2022-02-01,97.13,141.7
2022-02-01,12.24404221,Structure of Interest Rates: KIBORs and KIBIDs,2022-02-01,97.13,141.7
2022-02-01,12.24404221,Structure of Interest Rates: KIBORs and KIBIDs,2022-02-01,97.13,141.7
2022-02-01,12.24404221,Structure of Interest Rates: KIBORs and KIBIDs,2022-02-01,97.13,141.7
2022-02-01,12.24404221,Structure of Interest Rates: KIBORs and KIBIDs,2022-02-01,97.13,141.7
2022-02-01,12.24404221,Structure of Interest Rates: KIBORs and KIBIDs,2022-02-01,97.13,141.7
2022-02-01,12.24404221,Structure of Interest Rates: KIBORs and KIBIDs,2022-02-01,97.13,141.7
2022-02-01,12.24404221,Structure of Interest Rates: KIBORs and KIBIDs,2022-02-01,97.13,141.7
2022-02-01,12.24404221,Structure of Interest Rates: KIBORs and KIBIDs,2022-02-01,97.13,141.7
2022-03-01,12.7,Structure of Interest Rates: KIBORs and KIBIDs,2022-03-01,117.25,160.2
2022-03-01,12.7,Structure of Interest Rates: KIBORs and KIBIDs,2022-03-01,117.25,160.2
2022-03-01,12.7,Structure of Interest Rates: KIBORs and KIBIDs,2022-03-01,117.25,160.2
2022-03-01,12.7,Structure of Interest Rates: KIBORs and KIBIDs,2022-03-01,117.25,160.2
2022-03-01,12.7,Structure of Interest Rates: KIBORs and KIBIDs,2022-03-01,117.25,160.2
2022-03-01,12.7,Structure of Interest Rates: KIBORs and KIBIDs,2022-03-01,117.25,160.2
2022-03-01,12.7,Structure of Interest Rates: KIBORs and KIBIDs,2022-03-01,117.25,160.2
2022-03-01,12.7,Structure of Interest Rates: KIBORs and KIBIDs,2022-03-01,117.25,160.2
2022-03-01,12.7,Structure of Interest Rates: KIBORs and KIBIDs,2022-03-01,117.25,160.2
2022-03-01,12.7,Structure of Interest Rates: KIBORs and KIBIDs,2022-03-01,117.25,160.2
2022-03-01,12.7,Structure of Interest Rates: KIBORs and KIBIDs,2022-03-01,117.25,160.2
2022-03-01,12.7,Structure of Interest Rates: KIBORs and KIBIDs,2022-03-01,117.25,160.2
2022-03-01,12.7,Structure of Interest Rates: KIBORs and KIBIDs,2022-03-01,117.25,160.2
2022-03-01,12.7,Structure of Interest Rates: KIBORs and KIBIDs,2022-03-01,117.25,160.2
2022-04-01,13.37790337,Structure of Interest Rates: KIBORs and KIBIDs,2022-04-01,104.58,158.8
2022-04-01,13.37790337,Structure of Interest Rates: KIBORs and KIBIDs,2022-04-01,104.58,158.8
2022-04-01,13.37790337,Structure of Interest Rates: KIBORs and KIBIDs,2022-04-01,104.58,158.8
2022-04-01,13.37790337,Structure of Interest Rates: KIBORs and KIBIDs,2022-04-01,104.58,158.8
2022-04-01,13.37790337,Structure of Interest Rates: KIBORs and KIBIDs,2022-04-01,104.58,158.8
2022-04-01,13.37790337,Structure of Interest Rates: KIBORs and KIBIDs,2022-04-01,104.58,158.8
2022-04-01,13.37790337,Structure of Interest Rates: KIBORs and KIBIDs,2022-04-01,104.58,158.8
2022-04-01,13.37790337,Structure of Interest Rates: KIBORs and KIBIDs,2022-04-01,104.58,158.8
2022-04-01,13.37790337,Structure of Interest Rates: KIBORs and KIBIDs,2022-04-01,104.58,158.8
2022-04-01,13.37790337,Structure of Interest Rates: KIBORs and KIBIDs,2022-04-01,104.58,158.8
2022-04-01,13.37790337,Structure of Interest Rates: KIBORs and KIBIDs,2022-04-01,104.58,158.8
2022-04-01,13.37790337,Structure of Interest Rates: KIBORs and KIBIDs,2022-04-01,104.58,158.8
2022-04-01,13.37790337,Structure of Interest Rates: KIBORs and KIBIDs,2022-04-01,104.58,158.8
2022-04-01,13.37790337,Structure of Interest Rates: KIBORs and KIBIDs,2022-04-01,104.58,158.8
2022-05-01,13.8,Structure of Interest Rates: KIBORs and KIBIDs,2022-04-01,113.34,158.7
2022-06-01,21.3,Structure of Interest Rates: KIBORs and KIBIDs,2022-06-01,122.71,155.7
2022-06-01,21.3,Structure of Interest Rates: KIBORs and KIBIDs,2022-06-01,122.71,155.7
2022-06-01,21.3,Structure of Interest Rates: KIBORs and KIBIDs,2022-06-01,122.71,155.7
2022-06-01,21.3,Structure of Interest Rates: KIBORs and KIBIDs,2022-06-01,122.71,155.7
2022-06-01,21.3,Structure of Interest Rates: KIBORs and KIBIDs,2022-06-01,122.71,155.7
2022-06-01,21.3,Structure of Interest Rates: KIBORs and KIBIDs,2022-06-01,122.71,155.7
2022-06-01,21.3,Structure of Interest Rates: KIBORs and KIBIDs,2022-06-01,122.71,155.7
2022-06-01,21.3,Structure of Interest Rates: KIBORs and KIBIDs,2022-06-01,122.71,155.7
2022-06-01,21.3,Structure of Interest Rates: KIBORs and KIBIDs,2022-06-01,122.71,155.7
2022-06-01,21.3,Structure of Interest Rates: KIBORs and KIBIDs,2022-06-01,122.71,155.7
2022-06-01,21.3,Structure of Interest Rates: KIBORs and KIBIDs,2022-06-01,122.71,155.7
2022-06-01,21.3,Structure of Interest Rates: KIBORs and KIBIDs,2022-06-01,122.71,155.7
2022-06-01,21.3,Structure of Interest Rates: KIBORs and KIBIDs,2022-06-01,122.71,155.7
2022-06-01,21.3,Structure of Interest Rates: KIBORs and KIBIDs,2022-06-01,122.71,155.7
2022-06-01,21.3,Structure of Interest Rates: KIBORs and KIBIDs,2022-06-01,122.71,155.7
2022-06-01,21.3,Structure of Interest Rates: KIBORs and KIBIDs,2022-06-01,122.71,155.7
2022-06-01,21.3,Structure of Interest Rates: KIBORs and KIBIDs,2022-06-01,122.71,155.7
2022-06-01,21.3,Structure of Interest Rates: KIBORs and KIBIDs,2022-06-01,122.71,155.7
2022-06-01,21.3,Structure of Interest Rates: KIBORs and KIBIDs,2022-06-01,122.71,155.7
2022-06-01,21.3,Structure of Interest Rates: KIBORs and KIBIDs,2022-06-01,122.71,155.7
2022-06-01,21.3,Structure of Interest Rates: KIBORs and KIBIDs,2022-06-01,122.71,155.7
2022-06-01,21.3,Structure of Interest Rates: KIBORs and KIBIDs,2022-06-01,122.71,155.7
2022-06-01,21.3,Structure of Interest Rates: KIBORs and KIBIDs,2022-06-01,122.71,155.7
2022-06-01,21.3,Structure of Interest Rates: KIBORs and KIBIDs,2022-06-01,122.71,155.7
2022-06-01,21.3,Structure of Interest Rates: KIBORs and KIBIDs,2022-06-01,122.71,155.7
2022-06-01,21.3,Structure of Interest Rates: KIBORs and KIBIDs,2022-06-01,122.71,155.7
2022-06-01,21.3,Structure of Interest Rates: KIBORs and KIBIDs,2022-06-01,122.71,155.7
2022-06-01,21.3,Structure of Interest Rates: KIBORs and KIBIDs,2022-06-01,122.71,155.7
2022-06-01,21.3,Structure of Interest Rates: KIBORs and KIBIDs,2022-06-01,122.71,155.7
2022-06-01,21.3,Structure of Interest Rates: KIBORs and KIBIDs,2022-06-01,122.71,155.7
2022-06-01,21.3,Structure of Interest Rates: KIBORs and KIBIDs,2022-06-01,122.71,155.7
2022-06-01,21.3,Structure of Interest Rates: KIBORs and KIBIDs,2022-06-01,122.71,155.7
2022-06-01,21.3,Structure of Interest Rates: KIBORs and KIBIDs,2022-06-01,122.71,155.7
2022-06-01,21.3,Structure of Interest Rates: KIBORs and KIBIDs,2022-06-01,122.71,155.7
2022-06-01,21.3,Structure of Interest Rates: KIBORs and KIBIDs,2022-06-01,122.71,155.7
2022-06-01,21.3,Structure of Interest Rates: KIBORs and KIBIDs,2022-06-01,122.71,155.7
2022-06-01,21.3,Structure of Interest Rates: KIBORs and KIBIDs,2022-06-01,122.71,155.7
2022-06-01,21.3,Structure of Interest Rates: KIBORs and KIBIDs,2022-06-01,122.71,155.7
2022-06-01,21.3,Structure of Interest Rates: KIBORs and KIBIDs,2022-06-01,122.71,155.7
2022-06-01,21.3,Structure of Interest Rates: KIBORs and KIBIDs,2022-06-01,122.71,155.7
2022-06-01,21.3,Structure of Interest Rates: KIBORs and KIBIDs,2022-06-01,122.71,155.7
2022-06-01,21.3,Structure of Interest Rates: KIBORs and KIBIDs,2022-06-01,122.71,155.7
2022-06-01,21.3,Structure of Interest Rates: KIBORs and KIBIDs,2022-06-01,122.71,155.7
2022-06-01,21.3,Structure of Interest Rates: KIBORs and KIBIDs,2022-06-01,122.71,155.7
2022-06-01,21.3,Structure of Interest Rates: KIBORs and KIBIDs,2022-06-01,122.71,155.7
2022-06-01,21.3,Structure of Interest Rates: KIBORs and KIBIDs,2022-06-01,122.71,155.7
2022-06-01,21.3,Structure of Interest Rates: KIBORs and KIBIDs,2022-06-01,122.71,155.7
2022-06-01,21.3,Structure of Interest Rates: KIBORs and KIBIDs,2022-06-01,122.71,155.7
2022-06-01,21.3,Structure of Interest Rates: KIBORs and KIBIDs,2022-06-01,122.71,155.7
2022-06-01,21.3,Structure of Interest Rates: KIBORs and KIBIDs,2022-06-01,122.71,155.7
2022-06-01,21.3,Structure of Interest Rates: KIBORs and KIBIDs,2022-06-01,122.71,155.7
2022-06-01,21.3,Structure of Interest Rates: KIBORs and KIBIDs,2022-06-01,122.71,155.7
2022-06-01,21.3,Structure of Interest Rates: KIBORs and KIBIDs,2022-06-01,122.71,155.7
2022-06-01,21.3,Structure of Interest Rates: KIBORs and KIBIDs,2022-06-01,122.71,155.7
2022-06-01,21.3,Structure of Interest Rates: KIBORs and KIBIDs,2022-06-01,122.71,155.7
2022-06-01,21.3,Structure of Interest Rates: KIBORs and KIBIDs,2022-06-01,122.71,155.7
2022-06-01,21.3,Structure of Interest Rates: KIBORs and KIBIDs,2022-06-01,122.71,155.7
2022-06-01,21.3,Structure of Interest Rates: KIBORs and KIBIDs,2022-06-01,122.71,155.7
2022-06-01,21.3,Structure of Interest Rates: KIBORs and KIBIDs,2022-06-01,122.71,155.7
2022-06-01,21.3,Structure of Interest Rates: KIBORs and KIBIDs,2022-06-01,122.71,155.7
2022-06-01,21.3,Structure of Interest Rates: KIBORs and KIBIDs,2022-06-01,122.71,155.7
2022-06-01,21.3,Structure of Interest Rates: KIBORs and KIBIDs,2022-06-01,122.71,155.7
2022-06-01,21.3,Structure of Interest Rates: KIBORs and KIBIDs,2022-06-01,122.71,155.7
2022-06-01,21.3,Structure of Interest Rates: KIBORs and KIBIDs,2022-06-01,122.71,155.7
2022-06-01,21.3,Structure of Interest Rates: KIBORs and KIBIDs,2022-06-01,122.71,155.7
2022-06-01,21.3,Structure of Interest Rates: KIBORs and KIBIDs,2022-06-01,122.71,155.7
2022-06-01,21.3,Structure of Interest Rates: KIBORs and KIBIDs,2022-06-01,122.71,155.7
2022-06-01,21.3,Structure of Interest Rates: KIBORs and KIBIDs,2022-06-01,122.71,155.7
2022-06-01,21.3,Structure of Interest Rates: KIBORs and KIBIDs,2022-06-01,122.71,155.7
2022-06-01,21.3,Structure of Interest Rates: KIBORs and KIBIDs,2022-06-01,122.71,155.7
2022-06-01,21.3,Structure of Interest Rates: KIBORs and KIBIDs,2022-06-01,122.71,155.7
2022-06-01,21.3,Structure of Interest Rates: KIBORs and KIBIDs,2022-06-01,122.71,155.7
2022-06-01,21.3,Structure of Interest Rates: KIBORs and KIBIDs,2022-06-01,122.71,155.7
2022-06-01,21.3,Structure of Interest Rates: KIBORs and KIBIDs,2022-06-01,122.71,155.7
2022-06-01,21.3,Structure of Interest Rates: KIBORs and KIBIDs,2022-06-01,122.71,155.7
2022-06-01,21.3,Structure of Interest Rates: KIBORs and KIBIDs,2022-06-01,122.71,155.7
2022-06-01,21.3,Structure of Interest Rates: KIBORs and KIBIDs,2022-06-01,122.71,155.7
2022-06-01,21.3,Structure of Interest Rates: KIBORs and KIBIDs,2022-06-01,122.71,155.7
2022-06-01,21.3,Structure of Interest Rates: KIBORs and KIBIDs,2022-06-01,122.71,155.7
2022-06-01,21.3,Structure of Interest Rates: KIBORs and KIBIDs,2022-06-01,122.71,155.7
2022-06-01,21.3,Structure of Interest Rates: KIBORs and KIBIDs,2022-06-01,122.71,155.7
2022-06-01,21.3,Structure of Interest Rates: KIBORs and KIBIDs,2022-06-01,122.71,155.7
2022-06-01,21.3,Structure of Interest Rates: KIBORs and KIBIDs,2022-06-01,122.71,155.7
2022-06-01,21.3,Structure of Interest Rates: KIBORs and KIBIDs,2022-06-01,122.71,155.7
2022-07-01,24.9,Structure of Interest Rates: KIBORs and KIBIDs,2022-06-01,111.93,141.6
2022-08-01,27.3,Structure of Interest Rates: KIBORs and KIBIDs,2022-08-01,100.45,138.7
2022-08-01,27.3,Structure of Interest Rates: KIBORs and KIBIDs,2022-08-01,100.45,138.7
2022-08-01,27.3,Structure of Interest Rates: KIBORs and KIBIDs,2022-08-01,100.45,138.7
2022-08-01,27.3,Structure of Interest Rates: KIBORs and KIBIDs,2022-08-01,100.45,138.7
2022-08-01,27.3,Structure of Interest Rates: KIBORs and KIBIDs,2022-08-01,100.45,138.7
2022-08-01,27.3,Structure of Interest Rates: KIBORs and KIBIDs,2022-08-01,100.45,138.7
2022-08-01,27.3,Structure of Interest Rates: KIBORs and KIBIDs,2022-08-01,100.45,138.7
2022-08-01,27.3,Structure of Interest Rates: KIBORs and KIBIDs,2022-08-01,100.45,138.7
2022-08-01,27.3,Structure of Interest Rates: KIBORs and KIBIDs,2022-08-01,100.45,138.7
2022-08-01,27.3,Structure of Interest Rates: KIBORs and KIBIDs,2022-08-01,100.45,138.7
2022-08-01,27.3,Structure of Interest Rates: KIBORs and KIBIDs,2022-08-01,100.45,138.7
2022-08-01,27.3,Structure of Interest Rates: KIBORs and KIBIDs,2022-08-01,100.45,138.7
2022-08-01,27.3,Structure of Interest Rates: KIBORs and KIBIDs,2022-08-01,100.45,138.7
2022-08-01,27.3,Structure of Interest Rates: KIBORs and KIBIDs,2022-08-01,100.45,138.7
2022-09-01,23.2,Structure of Interest Rates: KIBORs and KIBIDs,2022-09-01,89.76,137.3
2022-09-01,23.2,Structure of Interest Rates: KIBORs and KIBIDs,2022-09-01,89.76,137.3
2022-09-01,23.2,Structure of Interest Rates: KIBORs and KIBIDs,2022-09-01,89.76,137.3
2022-09-01,23.2,Structure of Interest Rates: KIBORs and KIBIDs,2022-09-01,89.76,137.3
2022-09-01,23.2,Structure of Interest Rates: KIBORs and KIBIDs,2022-09-01,89.76,137.3
2022-09-01,23.2,Structure of Interest Rates: KIBORs and KIBIDs,2022-09-01,89.76,137.3
2022-09-01,23.2,Structure of Interest Rates: KIBORs and KIBIDs,2022-09-01,89.76,137.3
2022-09-01,23.2,Structure of Interest Rates: KIBORs and KIBIDs,2022-09-01,89.76,137.3
2022-09-01,23.2,Structure of Interest Rates: KIBORs and KIBIDs,2022-09-01,89.76,137.3
2022-09-01,23.2,Structure of Interest Rates: KIBORs and KIBIDs,2022-09-01,89.76,137.3
2022-09-01,23.2,Structure of Interest Rates: KIBORs and KIBIDs,2022-09-01,89.76,137.3
2022-09-01,23.2,Structure of Interest Rates: KIBORs and KIBIDs,2022-09-01,89.76,137.3
2022-09-01,23.2,Structure of Interest Rates: KIBORs and KIBIDs,2022-09-01,89.76,137.3
2022-09-01,23.2,Structure of Interest Rates: KIBORs and KIBIDs,2022-09-01,89.76,137.3
2022-10-01,26.6,Structure of Interest Rates: KIBORs and KIBIDs,2022-09-01,93.33,136.7
2022-11-01,23.8,Structure of Interest Rates: KIBORs and KIBIDs,2022-11-01,91.42,136
2022-11-01,23.8,Structure of Interest Rates: KIBORs and KIBIDs,2022-11-01,91.42,136
2022-11-01,23.8,Structure of Interest Rates: KIBORs and KIBIDs,2022-11-01,91.42,136
2022-11-01,23.8,Structure of Interest Rates: KIBORs and KIBIDs,2022-11-01,91.42,136
2022-11-01,23.8,Structure of Interest Rates: KIBORs and KIBIDs,2022-11-01,91.42,136
2022-11-01,23.8,Structure of Interest Rates: KIBORs and KIBIDs,2022-11-01,91.42,136
2022-11-01,23.8,Structure of Interest Rates: KIBORs and KIBIDs,2022-11-01,91.42,136
2022-11-01,23.8,Structure of Interest Rates: KIBORs and KIBIDs,2022-11-01,91.42,136
2022-11-01,23.8,Structure of Interest Rates: KIBORs and KIBIDs,2022-11-01,91.42,136
2022-11-01,23.8,Structure of Interest Rates: KIBORs and KIBIDs,2022-11-01,91.42,136
2022-11-01,23.8,Structure of Interest Rates: KIBORs and KIBIDs,2022-11-01,91.42,136
2022-11-01,23.8,Structure of Interest Rates: KIBORs and KIBIDs,2022-11-01,91.42,136
2022-11-01,23.8,Structure of Interest Rates: KIBORs and KIBIDs,2022-11-01,91.42,136
2022-11-01,23.8,Structure of Interest Rates: KIBORs and KIBIDs,2022-11-01,91.42,136
2022-12-01,24.5,Structure of Interest Rates: KIBORs and KIBIDs,2022-12-01,80.92,133.1
2022-12-01,24.5,Structure of Interest Rates: KIBORs and KIBIDs,2022-12-01,80.92,133.1
2022-12-01,24.5,Structure of Interest Rates: KIBORs and KIBIDs,2022-12-01,80.92,133.1
2022-12-01,24.5,Structure of Interest Rates: KIBORs and KIBIDs,2022-12-01,80.92,133.1
2022-12-01,24.5,Structure of Interest Rates: KIBORs and KIBIDs,2022-12-01,80.92,133.1
2022-12-01,24.5,Structure of Interest Rates: KIBORs and KIBIDs,2022-12-01,80.92,133.1
2022-12-01,24.5,Structure of Interest Rates: KIBORs and KIBIDs,2022-12-01,80.92,133.1
2022-12-01,24.5,Structure of Interest Rates: KIBORs and KIBIDs,2022-12-01,80.92,133.1
2022-12-01,24.5,Structure of Interest Rates: KIBORs and KIBIDs,2022-12-01,80.92,133.1
2022-12-01,24.5,Structure of Interest Rates: KIBORs and KIBIDs,2022-12-01,80.92,133.1
2022-12-01,24.5,Structure of Interest Rates: KIBORs and KIBIDs,2022-12-01,80.92,133.1
2022-12-01,24.5,Structure of Interest Rates: KIBORs and KIBIDs,2022-12-01,80.92,133.1
2022-12-01,24.5,Structure of Interest Rates: KIBORs and KIBIDs,2022-12-01,80.92,133.1
2022-12-01,24.5,Structure of Interest Rates: KIBORs and KIBIDs,2022-12-01,80.92,133.1
2023-01-01,27.6,Structure of Interest Rates: KIBORs and KIBIDs,2022-12-01,82.5,131.4
2023-02-01,31.5,Structure of Interest Rates: KIBORs and KIBIDs,2023-02-01,82.59,130.7
2023-02-01,31.5,Structure of Interest Rates: KIBORs and KIBIDs,2023-02-01,82.59,130.7
2023-02-01,31.5,Structure of Interest Rates: KIBORs and KIBIDs,2023-02-01,82.59,130.7
2023-02-01,31.5,Structure of Interest Rates: KIBORs and KIBIDs,2023-02-01,82.59,130.7
2023-02-01,31.5,Structure of Interest Rates: KIBORs and KIBIDs,2023-02-01,82.59,130.7
2023-02-01,31.5,Structure of Interest Rates: KIBORs and KIBIDs,2023-02-01,82.59,130.7
2023-02-01,31.5,Structure of Interest Rates: KIBORs and KIBIDs,2023-02-01,82.59,130.7
2023-02-01,31.5,Structure of Interest Rates: KIBORs and KIBIDs,2023-02-01,82.59,130.7
2023-02-01,31.5,Structure of Interest Rates: KIBORs and KIBIDs,2023-02-01,82.59,130.7
2023-02-01,31.5,Structure of Interest Rates: KIBORs and KIBIDs,2023-02-01,82.59,130.7
2023-02-01,31.5,Structure of Interest Rates: KIBORs and KIBIDs,2023-02-01,82.59,130.7
2023-02-01,31.5,Structure of Interest Rates: KIBORs and KIBIDs,2023-02-01,82.59,130.7
2023-02-01,31.5,Structure of Interest Rates: KIBORs and KIBIDs,2023-02-01,82.59,130.7
2023-02-01,31.5,Structure of Interest Rates: KIBORs and KIBIDs,2023-02-01,82.59,130.7
2023-03-01,35.4,Structure of Interest Rates: KIBORs and KIBIDs,2023-03-01,78.43,128
2023-03-01,35.4,Structure of Interest Rates: KIBORs and KIBIDs,2023-03-01,78.43,128
2023-03-01,35.4,Structure of Interest Rates: KIBORs and KIBIDs,2023-03-01,78.43,128
2023-03-01,35.4,Structure of Interest Rates: KIBORs and KIBIDs,2023-03-01,78.43,128
2023-03-01,35.4,Structure of Interest Rates: KIBORs and KIBIDs,2023-03-01,78.43,128
2023-03-01,35.4,Structure of Interest Rates: KIBORs and KIBIDs,2023-03-01,78.43,128
2023-03-01,35.4,Structure of Interest Rates: KIBORs and KIBIDs,2023-03-01,78.43,128
2023-03-01,35.4,Structure of Interest Rates: KIBORs and KIBIDs,2023-03-01,78.43,128
2023-03-01,35.4,Structure of Interest Rates: KIBORs and KIBIDs,2023-03-01,78.43,128
2023-03-01,35.4,Structure of Interest Rates: KIBORs and KIBIDs,2023-03-01,78.43,128
2023-03-01,35.4,Structure of Interest Rates: KIBORs and KIBIDs,2023-03-01,78.43,128
2023-03-01,35.4,Structure of Interest Rates: KIBORs and KIBIDs,2023-03-01,78.43,128
2023-03-01,35.4,Structure of Interest Rates: KIBORs and KIBIDs,2023-03-01,78.43,128
2023-03-01,35.4,Structure of Interest Rates: KIBORs and KIBIDs,2023-03-01,78.43,128
2023-04-01,36.4,Structure of Interest Rates: KIBORs and KIBIDs,2023-03-01,84.64,128.4
2023-05-01,38,Structure of Interest Rates: KIBORs and KIBIDs,2023-03-01,75.47,124.5
2023-06-01,29.4,Structure of Interest Rates: KIBORs and KIBIDs,2023-06-01,74.84,123
2023-06-01,29.4,Structure of Interest Rates: KIBORs and KIBIDs,2023-06-01,74.84,123
2023-06-01,29.4,Structure of Interest Rates: KIBORs and KIBIDs,2023-06-01,74.84,123
2023-06-01,29.4,Structure of Interest Rates: KIBORs and KIBIDs,2023-06-01,74.84,123
2023-06-01,29.4,Structure of Interest Rates: KIBORs and KIBIDs,2023-06-01,74.84,123
2023-06-01,29.4,Structure of Interest Rates: KIBORs and KIBIDs,2023-06-01,74.84,123
2023-06-01,29.4,Structure of Interest Rates: KIBORs and KIBIDs,2023-06-01,74.84,123
2023-06-01,29.4,Structure of Interest Rates: KIBORs and KIBIDs,2023-06-01,74.84,123
2023-06-01,29.4,Structure of Interest Rates: KIBORs and KIBIDs,2023-06-01,74.84,123
2023-06-01,29.4,Structure of Interest Rates: KIBORs and KIBIDs,2023-06-01,74.84,123
2023-06-01,29.4,Structure of Interest Rates: KIBORs and KIBIDs,2023-06-01,74.84,123
2023-06-01,29.4,Structure of Interest Rates: KIBORs and KIBIDs,2023-06-01,74.84,123
2023-06-01,29.4,Structure of Interest Rates: KIBORs and KIBIDs,2023-06-01,74.84,123
2023-06-01,29.4,Structure of Interest Rates: KIBORs and KIBIDs,2023-06-01,74.84,123
2023-07-01,28.3,Structure of Interest Rates: KIBORs and KIBIDs,2023-06-01,80.11,124.4
2023-08-01,27.4,Structure of Interest Rates: KIBORs and KIBIDs,2023-08-01,86.15,121.8
2023-08-01,27.4,Structure of Interest Rates: KIBORs and KIBIDs,2023-08-01,86.15,121.8
2023-08-01,27.4,Structure of Interest Rates: KIBORs and KIBIDs,2023-08-01,86.15,121.8
2023-08-01,27.4,Structure of Interest Rates: KIBORs and KIBIDs,2023-08-01,86.15,121.8
2023-08-01,27.4,Structure of Interest Rates: KIBORs and KIBIDs,2023-08-01,86.15,121.8
2023-08-01,27.4,Structure of Interest Rates: KIBORs and KIBIDs,2023-08-01,86.15,121.8
2023-08-01,27.4,Structure of Interest Rates: KIBORs and KIBIDs,2023-08-01,86.15,121.8
2023-08-01,27.4,Structure of Interest Rates: KIBORs and KIBIDs,2023-08-01,86.15,121.8
2023-08-01,27.4,Structure of Interest Rates: KIBORs and KIBIDs,2023-08-01,86.15,121.8
2023-08-01,27.4,Structure of Interest Rates: KIBORs and KIBIDs,2023-08-01,86.15,121.8
2023-08-01,27.4,Structure of Interest Rates: KIBORs and KIBIDs,2023-08-01,86.15,121.8
2023-08-01,27.4,Structure of Interest Rates: KIBORs and KIBIDs,2023-08-01,86.15,121.8
2023-08-01,27.4,Structure of Interest Rates: KIBORs and KIBIDs,2023-08-01,86.15,121.8
2023-08-01,27.4,Structure of Interest Rates: KIBORs and KIBIDs,2023-08-01,86.15,121.8
2023-09-01,31.4,Structure of Interest Rates: KIBORs and KIBIDs,2023-09-01,93.72,121.7
2023-09-01,31.4,Structure of Interest Rates: KIBORs and KIBIDs,2023-09-01,93.72,121.7
2023-09-01,31.4,Structure of Interest Rates: KIBORs and KIBIDs,2023-09-01,93.72,121.7
2023-09-01,31.4,Structure of Interest Rates: KIBORs and KIBIDs,2023-09-01,93.72,121.7
2023-09-01,31.4,Structure of Interest Rates: KIBORs and KIBIDs,2023-09-01,93.72,121.7
2023-09-01,31.4,Structure of Interest Rates: KIBORs and KIBIDs,2023-09-01,93.72,121.7
2023-09-01,31.4,Structure of Interest Rates: KIBORs and KIBIDs,2023-09-01,93.72,121.7
2023-09-01,31.4,Structure of Interest Rates: KIBORs and KIBIDs,2023-09-01,93.72,121.7
2023-09-01,31.4,Structure of Interest Rates: KIBORs and KIBIDs,2023-09-01,93.72,121.7
2023-09-01,31.4,Structure of Interest Rates: KIBORs and KIBIDs,2023-09-01,93.72,121.7
2023-09-01,31.4,Structure of Interest Rates: KIBORs and KIBIDs,2023-09-01,93.72,121.7
2023-09-01,31.4,Structure of Interest Rates: KIBORs and KIBIDs,2023-09-01,93.72,121.7
2023-09-01,31.4,Structure of Interest Rates: KIBORs and KIBIDs,2023-09-01,93.72,121.7
2023-09-01,31.4,Structure of Interest Rates: KIBORs and KIBIDs,2023-09-01,93.72,121.7
2023-10-01,26.8,Structure of Interest Rates: KIBORs and KIBIDs,2023-09-01,90.6,120.7
2023-11-01,29.2,Structure of Interest Rates: KIBORs and KIBIDs,2023-11-01,82.94,120.6
2023-11-01,29.2,Structure of Interest Rates: KIBORs and KIBIDs,2023-11-01,82.94,120.6
2023-11-01,29.2,Structure of Interest Rates: KIBORs and KIBIDs,2023-11-01,82.94,120.6
2023-11-01,29.2,Structure of Interest Rates: KIBORs and KIBIDs,2023-11-01,82.94,120.6
2023-11-01,29.2,Structure of Interest Rates: KIBORs and KIBIDs,2023-11-01,82.94,120.6
2023-11-01,29.2,Structure of Interest Rates: KIBORs and KIBIDs,2023-11-01,82.94,120.6
2023-11-01,29.2,Structure of Interest Rates: KIBORs and KIBIDs,2023-11-01,82.94,120.6
2023-11-01,29.2,Structure of Interest Rates: KIBORs and KIBIDs,2023-11-01,82.94,120.6
2023-11-01,29.2,Structure of Interest Rates: KIBORs and KIBIDs,2023-11-01,82.94,120.6
2023-11-01,29.2,Structure of Interest Rates: KIBORs and KIBIDs,2023-11-01,82.94,120.6
2023-11-01,29.2,Structure of Interest Rates: KIBORs and KIBIDs,2023-11-01,82.94,120.6
2023-11-01,29.2,Structure of Interest Rates: KIBORs and KIBIDs,2023-11-01,82.94,120.6
2023-11-01,29.2,Structure of Interest Rates: KIBORs and KIBIDs,2023-11-01,82.94,120.6
2023-11-01,29.2,Structure of Interest Rates: KIBORs and KIBIDs,2023-11-01,82.94,120.6
2023-11-01,29.2,Structure of Interest Rates: KIBORs and KIBIDs,2023-11-01,82.94,120.6
2023-11-01,29.2,Structure of Interest Rates: KIBORs and KIBIDs,2023-11-01,82.94,120.6
2023-11-01,29.2,Structure of Interest Rates: KIBORs and KIBIDs,2023-11-01,82.94,120.6
2023-11-01,29.2,Structure of Interest Rates: KIBORs and KIBIDs,2023-11-01,82.94,120.6
2023-11-01,29.2,Structure of Interest Rates: KIBORs and KIBIDs,2023-11-01,82.94,120.6
2023-11-01,29.2,Structure of Interest Rates: KIBORs and KIBIDs,2023-11-01,82.94,120.6
2023-11-01,29.2,Structure of Interest Rates: KIBORs and KIBIDs,2023-11-01,82.94,120.6
2023-11-01,29.2,Structure of Interest Rates: KIBORs and KIBIDs,2023-11-01,82.94,120.6
2023-11-01,29.2,Structure of Interest Rates: KIBORs and KIBIDs,2023-11-01,82.94,120.6
2023-11-01,29.2,Structure of Interest Rates: KIBORs and KIBIDs,2023-11-01,82.94,120.6
2023-11-01,29.2,Structure of Interest Rates: KIBORs and KIBIDs,2023-11-01,82.94,120.6
2023-11-01,29.2,Structure of Interest Rates: KIBORs and KIBIDs,2023-11-01,82.94,120.6
2023-11-01,29.2,Structure of Interest Rates: KIBORs and KIBIDs,2023-11-01,82.94,120.6
2023-11-01,29.2,Structure of Interest Rates: KIBORs and KIBIDs,2023-11-01,82.94,120.6
2023-11-01,29.2,Structure of Interest Rates: KIBORs and KIBIDs,2023-11-01,82.94,120.6
2023-11-01,29.2,Structure of Interest Rates: KIBORs and KIBIDs,2023-11-01,82.94,120.6
2023-11-01,29.2,Structure of Interest Rates: KIBORs and KIBIDs,2023-11-01,82.94,120.6
2023-11-01,29.2,Structure of Interest Rates: KIBORs and KIBIDs,2023-11-01,82.94,120.6
2023-11-01,29.2,Structure of Interest Rates: KIBORs and KIBIDs,2023-11-01,82.94,120.6
2023-11-01,29.2,Structure of Interest Rates: KIBORs and KIBIDs,2023-11-01,82.94,120.6
2023-11-01,29.2,Structure of Interest Rates: KIBORs and KIBIDs,2023-11-01,82.94,120.6
2023-11-01,29.2,Structure of Interest Rates: KIBORs and KIBIDs,2023-11-01,82.94,120.6
2023-11-01,29.2,Structure of Interest Rates: KIBORs and KIBIDs,2023-11-01,82.94,120.6
2023-11-01,29.2,Structure of Interest Rates: KIBORs and KIBIDs,2023-11-01,82.94,120.6
2023-11-01,29.2,Structure of Interest Rates: KIBORs and KIBIDs,2023-11-01,82.94,120.6
2023-11-01,29.2,Structure of Interest Rates: KIBORs and KIBIDs,2023-11-01,82.94,120.6
2023-11-01,29.2,Structure of Interest Rates: KIBORs and KIBIDs,2023-11-01,82.94,120.6
2023-11-01,29.2,Structure of Interest Rates: KIBORs and KIBIDs,2023-11-01,82.94,120.6
2023-11-01,29.2,Structure of Interest Rates: KIBORs and KIBIDs,2023-11-01,82.94,120.6
2023-11-01,29.2,Structure of Interest Rates: KIBORs and KIBIDs,2023-11-01,82.94,120.6
2023-11-01,29.2,Structure of Interest Rates: KIBORs and KIBIDs,2023-11-01,82.94,120.6
2023-11-01,29.2,Structure of Interest Rates: KIBORs and KIBIDs,2023-11-01,82.94,120.6
2023-11-01,29.2,Structure of Interest Rates: KIBORs and KIBIDs,2023-11-01,82.94,120.6
2023-11-01,29.2,Structure of Interest Rates: KIBORs and KIBIDs,2023-11-01,82.94,120.6
2023-11-01,29.2,Structure of Interest Rates: KIBORs and KIBIDs,2023-11-01,82.94,120.6
2023-11-01,29.2,Structure of Interest Rates: KIBORs and KIBIDs,2023-11-01,82.94,120.6
2023-11-01,29.2,Structure of Interest Rates: KIBORs and KIBIDs,2023-11-01,82.94,120.6
2023-11-01,29.2,Structure of Interest Rates: KIBORs and KIBIDs,2023-11-01,82.94,120.6
2023-11-01,29.2,Structure of Interest Rates: KIBORs and KIBIDs,2023-11-01,82.94,120.6
2023-11-01,29.2,Structure of Interest Rates: KIBORs and KIBIDs,2023-11-01,82.94,120.6
2023-11-01,29.2,Structure of Interest Rates: KIBORs and KIBIDs,2023-11-01,82.94,120.6
2023-11-01,29.2,Structure of Interest Rates: KIBORs and KIBIDs,2023-11-01,82.94,120.6
2023-11-01,29.2,Structure of Interest Rates: KIBORs and KIBIDs,2023-11-01,82.94,120.6
2023-11-01,29.2,Structure of Interest Rates: KIBORs and KIBIDs,2023-11-01,82.94,120.6
2023-11-01,29.2,Structure of Interest Rates: KIBORs and KIBIDs,2023-11-01,82.94,120.6
2023-11-01,29.2,Structure of Interest Rates: KIBORs and KIBIDs,2023-11-01,82.94,120.6
2023-11-01,29.2,Structure of Interest Rates: KIBORs and KIBIDs,2023-11-01,82.94,120.6
2023-11-01,29.2,Structure of Interest Rates: KIBORs and KIBIDs,2023-11-01,82.94,120.6
2023-11-01,29.2,Structure of Interest Rates: KIBORs and KIBIDs,2023-11-01,82.94,120.6
2023-11-01,29.2,Structure of Interest Rates: KIBORs and KIBIDs,2023-11-01,82.94,120.6
2023-11-01,29.2,Structure of Interest Rates: KIBORs and KIBIDs,2023-11-01,82.94,120.6
2023-11-01,29.2,Structure of Interest Rates: KIBORs and KIBIDs,2023-11-01,82.94,120.6
2023-11-01,29.2,Structure of Interest Rates: KIBORs and KIBIDs,2023-11-01,82.94,120.6
2023-11-01,29.2,Structure of Interest Rates: KIBORs and KIBIDs,2023-11-01,82.94,120.6
2023-11-01,29.2,Structure of Interest Rates: KIBORs and KIBIDs,2023-11-01,82.94,120.6
2023-11-01,29.2,Structure of Interest Rates: KIBORs and KIBIDs,2023-11-01,82.94,120.6
2023-11-01,29.2,Structure of Interest Rates: KIBORs and KIBIDs,2023-11-01,82.94,120.6
2023-11-01,29.2,Structure of Interest Rates: KIBORs and KIBIDs,2023-11-01,82.94,120.6
2023-11-01,29.2,Structure of Interest Rates: KIBORs and KIBIDs,2023-11-01,82.94,120.6
2023-11-01,29.2,Structure of Interest Rates: KIBORs and KIBIDs,2023-11-01,82.94,120.6
2023-11-01,29.2,Structure of Interest Rates: KIBORs and KIBIDs,2023-11-01,82.94,120.6
2023-11-01,29.2,Structure of Interest Rates: KIBORs and KIBIDs,2023-11-01,82.94,120.6
2023-11-01,29.2,Structure of Interest Rates: KIBORs and KIBIDs,2023-11-01,82.94,120.6
2023-11-01,29.2,Structure of Interest Rates: KIBORs and KIBIDs,2023-11-01,82.94,120.6
2023-11-01,29.2,Structure of Interest Rates: KIBORs and KIBIDs,2023-11-01,82.94,120.6
2023-11-01,29.2,Structure of Interest Rates: KIBORs and KIBIDs,2023-11-01,82.94,120.6
2023-11-01,29.2,Structure of Interest Rates: KIBORs and KIBIDs,2023-11-01,82.94,120.6
2023-11-01,29.2,Structure of Interest Rates: KIBORs and KIBIDs,2023-11-01,82.94,120.6
2023-11-01,29.2,Structure of Interest Rates: KIBORs and KIBIDs,2023-11-01,82.94,120.6
2023-11-01,29.2,Structure of Interest Rates: KIBORs and KIBIDs,2023-11-01,82.94,120.6
2023-12-01,29.7,Structure of Interest Rates: KIBORs and KIBIDs,2023-12-01,77.63,119.1
2023-12-01,29.7,Structure of Interest Rates: KIBORs and KIBIDs,2023-12-01,77.63,119.1
2023-12-01,29.7,Structure of Interest Rates: KIBORs and KIBIDs,2023-12-01,77.63,119.1
2023-12-01,29.7,Structure of Interest Rates: KIBORs and KIBIDs,2023-12-01,77.63,119.1
2023-12-01,29.7,Structure of Interest Rates: KIBORs and KIBIDs,2023-12-01,77.63,119.1
2023-12-01,29.7,Structure of Interest Rates: KIBORs and KIBIDs,2023-12-01,77.63,119.1
2023-12-01,29.7,Structure of Interest Rates: KIBORs and KIBIDs,2023-12-01,77.63,119.1
2023-12-01,29.7,Structure of Interest Rates: KIBORs and KIBIDs,2023-12-01,77.63,119.1
2023-12-01,29.7,Structure of Interest Rates: KIBORs and KIBIDs,2023-12-01,77.63,119.1
2023-12-01,29.7,Structure of Interest Rates: KIBORs and KIBIDs,2023-12-01,77.63,119.1
2023-12-01,29.7,Structure of Interest Rates: KIBORs and KIBIDs,2023-12-01,77.63,119.1
2023-12-01,29.7,Structure of Interest Rates: KIBORs and KIBIDs,2023-12-01,77.63,119.1
2023-12-01,29.7,Structure of Interest Rates: KIBORs and KIBIDs,2023-12-01,77.63,119.1
2023-12-01,29.7,Structure of Interest Rates: KIBORs and KIBIDs,2023-12-01,77.63,119.1
2024-01-01,28.3,Structure of Interest Rates: KIBORs and KIBIDs,2023-12-01,80.12,117.6
2024-02-01,23.1,Structure of Interest Rates: KIBORs and KIBIDs,2024-02-01,83.48,117.4
2024-02-01,23.1,Structure of Interest Rates: KIBORs and KIBIDs,2024-02-01,83.48,117.4
2024-02-01,23.1,Structure of Interest Rates: KIBORs and KIBIDs,2024-02-01,83.48,117.4
2024-02-01,23.1,Structure of Interest Rates: KIBORs and KIBIDs,2024-02-01,83.48,117.4
2024-02-01,23.1,Structure of Interest Rates: KIBORs and KIBIDs,2024-02-01,83.48,117.4
2024-02-01,23.1,Structure of Interest Rates: KIBORs and KIBIDs,2024-02-01,83.48,117.4
2024-02-01,23.1,Structure of Interest Rates: KIBORs and KIBIDs,2024-02-01,83.48,117.4
2024-02-01,23.1,Structure of Interest Rates: KIBORs and KIBIDs,2024-02-01,83.48,117.4
2024-02-01,23.1,Structure of Interest Rates: KIBORs and KIBIDs,2024-02-01,83.48,117.4
2024-02-01,23.1,Structure of Interest Rates: KIBORs and KIBIDs,2024-02-01,83.48,117.4
2024-02-01,23.1,Structure of Interest Rates: KIBORs and KIBIDs,2024-02-01,83.48,117.4
2024-02-01,23.1,Structure of Interest Rates: KIBORs and KIBIDs,2024-02-01,83.48,117.4
2024-02-01,23.1,Structure of Interest Rates: KIBORs and KIBIDs,2024-02-01,83.48,117.4
2024-02-01,23.1,Structure of Interest Rates: KIBORs and KIBIDs,2024-02-01,83.48,117.4
2024-03-01,20.7,Structure of Interest Rates: KIBORs and KIBIDs,2024-03-01,85.41,118.9
2024-03-01,20.7,Structure of Interest Rates: KIBORs and KIBIDs,2024-03-01,85.41,118.9
2024-03-01,20.7,Structure of Interest Rates: KIBORs and KIBIDs,2024-03-01,85.41,118.9
2024-03-01,20.7,Structure of Interest Rates: KIBORs and KIBIDs,2024-03-01,85.41,118.9
2024-03-01,20.7,Structure of Interest Rates: KIBORs and KIBIDs,2024-03-01,85.41,118.9
2024-03-01,20.7,Structure of Interest Rates: KIBORs and KIBIDs,2024-03-01,85.41,118.9
2024-03-01,20.7,Structure of Interest Rates: KIBORs and KIBIDs,2024-03-01,85.41,118.9
2024-03-01,20.7,Structure of Interest Rates: KIBORs and KIBIDs,2024-03-01,85.41,118.9
2024-03-01,20.7,Structure of Interest Rates: KIBORs and KIBIDs,2024-03-01,85.41,118.9
2024-03-01,20.7,Structure of Interest Rates: KIBORs and KIBIDs,2024-03-01,85.41,118.9
2024-03-01,20.7,Structure of Interest Rates: KIBORs and KIBIDs,2024-03-01,85.41,118.9
2024-03-01,20.7,Structure of Interest Rates: KIBORs and KIBIDs,2024-03-01,85.41,118.9
2024-03-01,20.7,Structure of Interest Rates: KIBORs and KIBIDs,2024-03-01,85.41,118.9
2024-03-01,20.7,Structure of Interest Rates: KIBORs and KIBIDs,2024-03-01,85.41,118.9
2024-04-01,17.3,Structure of Interest Rates: KIBORs and KIBIDs,2024-04-01,89.94,119.2
2024-04-01,17.3,Structure of Interest Rates: KIBORs and KIBIDs,2024-04-01,89.94,119.2
2024-04-01,17.3,Structure of Interest Rates: KIBORs and KIBIDs,2024-04-01,89.94,119.2
2024-04-01,17.3,Structure of Interest Rates: KIBORs and KIBIDs,2024-04-01,89.94,119.2
2024-04-01,17.3,Structure of Interest Rates: KIBORs and KIBIDs,2024-04-01,89.94,119.2
2024-04-01,17.3,Structure of Interest Rates: KIBORs and KIBIDs,2024-04-01,89.94,119.2
2024-04-01,17.3,Structure of Interest Rates: KIBORs and KIBIDs,2024-04-01,89.94,119.2
2024-04-01,17.3,Structure of Interest Rates: KIBORs and KIBIDs,2024-04-01,89.94,119.2
2024-04-01,17.3,Structure of Interest Rates: KIBORs and KIBIDs,2024-04-01,89.94,119.2
2024-04-01,17.3,Structure of Interest Rates: KIBORs and KIBIDs,2024-04-01,89.94,119.2
2024-04-01,17.3,Structure of Interest Rates: KIBORs and KIBIDs,2024-04-01,89.94,119.2
2024-04-01,17.3,Structure of Interest Rates: KIBORs and KIBIDs,2024-04-01,89.94,119.2
2024-04-01,17.3,Structure of Interest Rates: KIBORs and KIBIDs,2024-04-01,89.94,119.2
2024-04-01,17.3,Structure of Interest Rates: KIBORs and KIBIDs,2024-04-01,89.94,119.2
2024-05-01,11.8,Structure of Interest Rates: KIBORs and KIBIDs,2024-04-01,81.75,120.5
2024-06-01,12.6,Structure of Interest Rates: KIBORs and KIBIDs,2024-04-01,82.25,121
2024-07-01,11.1,Structure of Interest Rates: KIBORs and KIBIDs,2024-04-01,85.15,120.9
2024-08-01,9.6,Structure of Interest Rates: KIBORs and KIBIDs,2024-08-01,80.36,121.7
2024-08-01,9.6,Structure of Interest Rates: KIBORs and KIBIDs,2024-08-01,80.36,121.7
2024-08-01,9.6,Structure of Interest Rates: KIBORs and KIBIDs,2024-08-01,80.36,121.7
2024-08-01,9.6,Structure of Interest Rates: KIBORs and KIBIDs,2024-08-01,80.36,121.7
2024-08-01,9.6,Structure of Interest Rates: KIBORs and KIBIDs,2024-08-01,80.36,121.7
2024-08-01,9.6,Structure of Interest Rates: KIBORs and KIBIDs,2024-08-01,80.36,121.7
2024-08-01,9.6,Structure of Interest Rates: KIBORs and KIBIDs,2024-08-01,80.36,121.7
2024-08-01,9.6,Structure of Interest Rates: KIBORs and KIBIDs,2024-08-01,80.36,121.7
2024-08-01,9.6,Structure of Interest Rates: KIBORs and KIBIDs,2024-08-01,80.36,121.7
2024-08-01,9.6,Structure of Interest Rates: KIBORs and KIBIDs,2024-08-01,80.36,121.7
2024-08-01,9.6,Structure of Interest Rates: KIBORs and KIBIDs,2024-08-01,80.36,121.7
2024-08-01,9.6,Structure of Interest Rates: KIBORs and KIBIDs,2024-08-01,80.36,121.7
2024-08-01,9.6,Structure of Interest Rates: KIBORs and KIBIDs,2024-08-01,80.36,121.7
2024-08-01,9.6,Structure of Interest Rates: KIBORs and KIBIDs,2024-08-01,80.36,121.7
2024-09-01,6.9,Structure of Interest Rates: KIBORs and KIBIDs,2024-08-01,74.02,124.6
2024-10-01,7.2,Structure of Interest Rates: KIBORs and KIBIDs,2024-10-01,75.63,126.9
2024-10-01,7.2,Structure of Interest Rates: KIBORs and KIBIDs,2024-10-01,75.63,126.9
2024-10-01,7.2,Structure of Interest Rates: KIBORs and KIBIDs,2024-10-01,75.63,126.9
2024-10-01,7.2,Structure of Interest Rates: KIBORs and KIBIDs,2024-10-01,75.63,126.9
2024-10-01,7.2,Structure of Interest Rates: KIBORs and KIBIDs,2024-10-01,75.63,126.9
2024-10-01,7.2,Structure of Interest Rates: KIBORs and KIBIDs,2024-10-01,75.63,126.9
2024-10-01,7.2,Structure of Interest Rates: KIBORs and KIBIDs,2024-10-01,75.63,126.9
2024-10-01,7.2,Structure of Interest Rates: KIBORs and KIBIDs,2024-10-01,75.63,126.9
2024-10-01,7.2,Structure of Interest Rates: KIBORs and KIBIDs,2024-10-01,75.63,126.9
2024-10-01,7.2,Structure of Interest Rates: KIBORs and KIBIDs,2024-10-01,75.63,126.9
2024-10-01,7.2,Structure of Interest Rates: KIBORs and KIBIDs,2024-10-01,75.63,126.9
2024-10-01,7.2,Structure of Interest Rates: KIBORs and KIBIDs,2024-10-01,75.63,126.9
2024-10-01,7.2,Structure of Interest Rates: KIBORs and KIBIDs,2024-10-01,75.63,126.9
2024-10-01,7.2,Structure of Interest Rates: KIBORs and KIBIDs,2024-10-01,75.63,126.9
2024-11-01,4.9,Structure of Interest Rates: KIBORs and KIBIDs,2024-11-01,74.35,127.7
2024-11-01,4.9,Structure of Interest Rates: KIBORs and KIBIDs,2024-11-01,74.35,127.7
2024-11-01,4.9,Structure of Interest Rates: KIBORs and KIBIDs,2024-11-01,74.35,127.7
2024-11-01,4.9,Structure of Interest Rates: KIBORs and KIBIDs,2024-11-01,74.35,127.7
2024-11-01,4.9,Structure of Interest Rates: KIBORs and KIBIDs,2024-11-01,74.35,127.7
2024-11-01,4.9,Structure of Interest Rates: KIBORs and KIBIDs,2024-11-01,74.35,127.7
2024-11-01,4.9,Structure of Interest Rates: KIBORs and KIBIDs,2024-11-01,74.35,127.7
2024-11-01,4.9,Structure of Interest Rates: KIBORs and KIBIDs,2024-11-01,74.35,127.7
2024-11-01,4.9,Structure of Interest Rates: KIBORs and KIBIDs,2024-11-01,74.35,127.7
2024-11-01,4.9,Structure of Interest Rates: KIBORs and KIBIDs,2024-11-01,74.35,127.7
2024-11-01,4.9,Structure of Interest Rates: KIBORs and KIBIDs,2024-11-01,74.35,127.7
2024-11-01,4.9,Structure of Interest Rates: KIBORs and KIBIDs,2024-11-01,74.35,127.7
2024-11-01,4.9,Structure of Interest Rates: KIBORs and KIBIDs,2024-11-01,74.35,127.7
2024-11-01,4.9,Structure of Interest Rates: KIBORs and KIBIDs,2024-11-01,74.35,127.7
2024-12-01,4.1,Structure of Interest Rates: KIBORs and KIBIDs,2024-11-01,73.86,127.4
2025-01-01,2.4,Structure of Interest Rates: KIBORs and KIBIDs,2024-11-01,79.27,124.7
2025-02-01,1.5,Structure of Interest Rates: KIBORs and KIBIDs,2024-11-01,75.44,126.6
2025-03-01,0.7,Structure of Interest Rates: KIBORs and KIBIDs,2024-11-01,72.73,127.1
2025-04-01,0.3,Structure of Interest Rates: KIBORs and KIBIDs,2024-11-01,68.13,128.3
