"Dataset Name","Observation Date","Series Key","Series Display Name","Observation Value","Unit","Observation Status","Observation Status Comment","Sequence No.","Series name"
"Seasonally Adjusted Workers’ Remittances","31-Mar-2025","TS_GP_ES_SWR_M.SWR0001","1 Workers Remittances (WR)","4055.333654","Million USD","Normal","","1","Workers Remittances"
"Seasonally Adjusted Workers’ Remittances","31-Mar-2025","TS_GP_ES_SWR_M.SWR0002","1 Seasonally adjusted Worker Remittance (SWR)","3582.67","Million USD","Normal","","1","Seasonally adjusted Worker Remittance"
"Seasonally Adjusted Workers’ Remittances","28-Feb-2025","TS_GP_ES_SWR_M.SWR0002","1 Seasonally adjusted Worker Remittance (SWR)","3454.04","Million USD","Normal","","1","Seasonally adjusted Worker Remittance"
"Seasonally Adjusted Workers’ Remittances","28-Feb-2025","TS_GP_ES_SWR_M.SWR0001","1 Workers Remittances (WR)","3124.440708","Million USD","Normal","","1","Workers Remittances"
"Seasonally Adjusted Workers’ Remittances","31-Jan-2025","TS_GP_ES_SWR_M.SWR0002","1 Seasonally adjusted Worker Remittance (SWR)","3295.86","Million USD","Normal","","1","Seasonally adjusted Worker Remittance"
"Seasonally Adjusted Workers’ Remittances","31-Jan-2025","TS_GP_ES_SWR_M.SWR0001","1 Workers Remittances (WR)","3003.415344","Million USD","Normal","","1","Workers Remittances"
"Seasonally Adjusted Workers’ Remittances","31-Dec-2024","TS_GP_ES_SWR_M.SWR0002","1 Seasonally adjusted Worker Remittance (SWR)","3166.04","Million USD","Normal","","1","Seasonally adjusted Worker Remittance"
"Seasonally Adjusted Workers’ Remittances","31-Dec-2024","TS_GP_ES_SWR_M.SWR0001","1 Workers Remittances (WR)","3080.397524","Million USD","Normal","","1","Workers Remittances"
"Seasonally Adjusted Workers’ Remittances","30-Nov-2024","TS_GP_ES_SWR_M.SWR0002","1 Seasonally adjusted Worker Remittance (SWR)","3049.85","Million USD","Normal","","1","Seasonally adjusted Worker Remittance"
"Seasonally Adjusted Workers’ Remittances","30-Nov-2024","TS_GP_ES_SWR_M.SWR0001","1 Workers Remittances (WR)","2915.348668","Million USD","Normal","","1","Workers Remittances"
"Seasonally Adjusted Workers’ Remittances","31-Oct-2024","TS_GP_ES_SWR_M.SWR0001","1 Workers Remittances (WR)","3054.550962","Million USD","Normal","","1","Workers Remittances"
"Seasonally Adjusted Workers’ Remittances","31-Oct-2024","TS_GP_ES_SWR_M.SWR0002","1 Seasonally adjusted Worker Remittance (SWR)","3029.52","Million USD","Normal","","1","Seasonally adjusted Worker Remittance"
"Seasonally Adjusted Workers’ Remittances","30-Sep-2024","TS_GP_ES_SWR_M.SWR0001","1 Workers Remittances (WR)","2859.516117","Million USD","Normal","","1","Workers Remittances"
"Seasonally Adjusted Workers’ Remittances","30-Sep-2024","TS_GP_ES_SWR_M.SWR0002","1 Seasonally adjusted Worker Remittance (SWR)","2847.24","Million USD","Normal","","1","Seasonally adjusted Worker Remittance"
"Seasonally Adjusted Workers’ Remittances","31-Aug-2024","TS_GP_ES_SWR_M.SWR0001","1 Workers Remittances (WR)","2942.812184","Million USD","Normal","","1","Workers Remittances"
"Seasonally Adjusted Workers’ Remittances","31-Aug-2024","TS_GP_ES_SWR_M.SWR0002","1 Seasonally adjusted Worker Remittance (SWR)","2891.94","Million USD","Normal","","1","Seasonally adjusted Worker Remittance"
"Seasonally Adjusted Workers’ Remittances","31-Jul-2024","TS_GP_ES_SWR_M.SWR0001","1 Workers Remittances (WR)","2993.99974","Million USD","Normal","","1","Workers Remittances"
"Seasonally Adjusted Workers’ Remittances","31-Jul-2024","TS_GP_ES_SWR_M.SWR0002","1 Seasonally adjusted Worker Remittance (SWR)","2965.56","Million USD","Normal","","1","Seasonally adjusted Worker Remittance"
"Seasonally Adjusted Workers’ Remittances","30-Jun-2024","TS_GP_ES_SWR_M.SWR0002","1 Seasonally adjusted Worker Remittance (SWR)","2952.45","Million USD","Normal","","1","Seasonally adjusted Worker Remittance"
"Seasonally Adjusted Workers’ Remittances","30-Jun-2024","TS_GP_ES_SWR_M.SWR0001","1 Workers Remittances (WR)","3158.138862","Million USD","Normal","","1","Workers Remittances"
"Seasonally Adjusted Workers’ Remittances","31-May-2024","TS_GP_ES_SWR_M.SWR0001","1 Workers Remittances (WR)","3242.226877","Million USD","Normal","","1","Workers Remittances"
"Seasonally Adjusted Workers’ Remittances","31-May-2024","TS_GP_ES_SWR_M.SWR0002","1 Seasonally adjusted Worker Remittance (SWR)","3133.6","Million USD","Normal","","1","Seasonally adjusted Worker Remittance"
"Seasonally Adjusted Workers’ Remittances","30-Apr-2024","TS_GP_ES_SWR_M.SWR0002","1 Seasonally adjusted Worker Remittance (SWR)","2896.82","Million USD","Normal","","1","Seasonally adjusted Worker Remittance"
"Seasonally Adjusted Workers’ Remittances","30-Apr-2024","TS_GP_ES_SWR_M.SWR0001","1 Workers Remittances (WR)","2813.267052","Million USD","Normal","","1","Workers Remittances"
"Seasonally Adjusted Workers’ Remittances","31-Mar-2024","TS_GP_ES_SWR_M.SWR0001","1 Workers Remittances (WR)","2953.980816","Million USD","Normal","","1","Workers Remittances"
"Seasonally Adjusted Workers’ Remittances","31-Mar-2024","TS_GP_ES_SWR_M.SWR0002","1 Seasonally adjusted Worker Remittance (SWR)","2582.04","Million USD","Normal","","1","Seasonally adjusted Worker Remittance"
"Seasonally Adjusted Workers’ Remittances","29-Feb-2024","TS_GP_ES_SWR_M.SWR0002","1 Seasonally adjusted Worker Remittance (SWR)","2493.32","Million USD","Normal","","1","Seasonally adjusted Worker Remittance"
"Seasonally Adjusted Workers’ Remittances","29-Feb-2024","TS_GP_ES_SWR_M.SWR0001","1 Workers Remittances (WR)","2250.147228","Million USD","Normal","","1","Workers Remittances"
"Seasonally Adjusted Workers’ Remittances","31-Jan-2024","TS_GP_ES_SWR_M.SWR0002","1 Seasonally adjusted Worker Remittance (SWR)","2614.88","Million USD","Normal","","1","Seasonally adjusted Worker Remittance"
"Seasonally Adjusted Workers’ Remittances","31-Jan-2024","TS_GP_ES_SWR_M.SWR0001","1 Workers Remittances (WR)","2397.870065","Million USD","Normal","","1","Workers Remittances"
"Seasonally Adjusted Workers’ Remittances","31-Dec-2023","TS_GP_ES_SWR_M.SWR0002","1 Seasonally adjusted Worker Remittance (SWR)","2436.76","Million USD","Normal","","1","Seasonally adjusted Worker Remittance"
"Seasonally Adjusted Workers’ Remittances","31-Dec-2023","TS_GP_ES_SWR_M.SWR0001","1 Workers Remittances (WR)","2381.853131","Million USD","Normal","","1","Workers Remittances"
"Seasonally Adjusted Workers’ Remittances","30-Nov-2023","TS_GP_ES_SWR_M.SWR0002","1 Seasonally adjusted Worker Remittance (SWR)","2366.88","Million USD","Normal","","1","Seasonally adjusted Worker Remittance"
"Seasonally Adjusted Workers’ Remittances","30-Nov-2023","TS_GP_ES_SWR_M.SWR0001","1 Workers Remittances (WR)","2258.544029","Million USD","Normal","","1","Workers Remittances"
"Seasonally Adjusted Workers’ Remittances","31-Oct-2023","TS_GP_ES_SWR_M.SWR0001","1 Workers Remittances (WR)","2463.117162","Million USD","Normal","","1","Workers Remittances"
"Seasonally Adjusted Workers’ Remittances","31-Oct-2023","TS_GP_ES_SWR_M.SWR0002","1 Seasonally adjusted Worker Remittance (SWR)","2440.14","Million USD","Normal","","1","Seasonally adjusted Worker Remittance"
"Seasonally Adjusted Workers’ Remittances","30-Sep-2023","TS_GP_ES_SWR_M.SWR0001","1 Workers Remittances (WR)","2208.130749","Million USD","Normal","","1","Workers Remittances"
"Seasonally Adjusted Workers’ Remittances","30-Sep-2023","TS_GP_ES_SWR_M.SWR0002","1 Seasonally adjusted Worker Remittance (SWR)","2199.12","Million USD","Normal","","1","Seasonally adjusted Worker Remittance"
"Seasonally Adjusted Workers’ Remittances","31-Aug-2023","TS_GP_ES_SWR_M.SWR0001","1 Workers Remittances (WR)","2094.507416","Million USD","Normal","","1","Workers Remittances"
"Seasonally Adjusted Workers’ Remittances","31-Aug-2023","TS_GP_ES_SWR_M.SWR0002","1 Seasonally adjusted Worker Remittance (SWR)","2144.18","Million USD","Normal","","1","Seasonally adjusted Worker Remittance"
"Seasonally Adjusted Workers’ Remittances","31-Jul-2023","TS_GP_ES_SWR_M.SWR0001","1 Workers Remittances (WR)","2029.041389","Million USD","Normal","","1","Workers Remittances"
"Seasonally Adjusted Workers’ Remittances","31-Jul-2023","TS_GP_ES_SWR_M.SWR0002","1 Seasonally adjusted Worker Remittance (SWR)","1931.28","Million USD","Normal","","1","Seasonally adjusted Worker Remittance"
"Seasonally Adjusted Workers’ Remittances","30-Jun-2023","TS_GP_ES_SWR_M.SWR0002","1 Seasonally adjusted Worker Remittance (SWR)","2039.06","Million USD","Normal","","1","Seasonally adjusted Worker Remittance"
"Seasonally Adjusted Workers’ Remittances","30-Jun-2023","TS_GP_ES_SWR_M.SWR0001","1 Workers Remittances (WR)","2187.080838","Million USD","Normal","","1","Workers Remittances"
"Seasonally Adjusted Workers’ Remittances","31-May-2023","TS_GP_ES_SWR_M.SWR0001","1 Workers Remittances (WR)","2102.666259","Million USD","Normal","","1","Workers Remittances"
"Seasonally Adjusted Workers’ Remittances","31-May-2023","TS_GP_ES_SWR_M.SWR0002","1 Seasonally adjusted Worker Remittance (SWR)","1981.35","Million USD","Normal","","1","Seasonally adjusted Worker Remittance"
"Seasonally Adjusted Workers’ Remittances","30-Apr-2023","TS_GP_ES_SWR_M.SWR0002","1 Seasonally adjusted Worker Remittance (SWR)","2145.23","Million USD","Normal","","1","Seasonally adjusted Worker Remittance"
"Seasonally Adjusted Workers’ Remittances","30-Apr-2023","TS_GP_ES_SWR_M.SWR0001","1 Workers Remittances (WR)","2198.302053","Million USD","Normal","","1","Workers Remittances"
"Seasonally Adjusted Workers’ Remittances","31-Mar-2023","TS_GP_ES_SWR_M.SWR0001","1 Workers Remittances (WR)","2536.682781","Million USD","Normal","","1","Workers Remittances"
"Seasonally Adjusted Workers’ Remittances","31-Mar-2023","TS_GP_ES_SWR_M.SWR0002","1 Seasonally adjusted Worker Remittance (SWR)","2423.25","Million USD","Normal","","1","Seasonally adjusted Worker Remittance"
"Seasonally Adjusted Workers’ Remittances","28-Feb-2023","TS_GP_ES_SWR_M.SWR0002","1 Seasonally adjusted Worker Remittance (SWR)","2206.19","Million USD","Normal","","1","Seasonally adjusted Worker Remittance"
"Seasonally Adjusted Workers’ Remittances","28-Feb-2023","TS_GP_ES_SWR_M.SWR0001","1 Workers Remittances (WR)","1990.345686","Million USD","Normal","","1","Workers Remittances"
"Seasonally Adjusted Workers’ Remittances","31-Jan-2023","TS_GP_ES_SWR_M.SWR0002","1 Seasonally adjusted Worker Remittance (SWR)","2061.28","Million USD","Normal","","1","Seasonally adjusted Worker Remittance"
"Seasonally Adjusted Workers’ Remittances","31-Jan-2023","TS_GP_ES_SWR_M.SWR0001","1 Workers Remittances (WR)","1900.087935","Million USD","Normal","","1","Workers Remittances"
"Seasonally Adjusted Workers’ Remittances","31-Dec-2022","TS_GP_ES_SWR_M.SWR0002","1 Seasonally adjusted Worker Remittance (SWR)","2138.86","Million USD","Normal","","1","Seasonally adjusted Worker Remittance"
"Seasonally Adjusted Workers’ Remittances","31-Dec-2022","TS_GP_ES_SWR_M.SWR0001","1 Workers Remittances (WR)","2099.787498","Million USD","Normal","","1","Workers Remittances"
"Seasonally Adjusted Workers’ Remittances","30-Nov-2022","TS_GP_ES_SWR_M.SWR0002","1 Seasonally adjusted Worker Remittance (SWR)","2283.7","Million USD","Normal","","1","Seasonally adjusted Worker Remittance"
"Seasonally Adjusted Workers’ Remittances","30-Nov-2022","TS_GP_ES_SWR_M.SWR0001","1 Workers Remittances (WR)","2173.036496","Million USD","Normal","","1","Workers Remittances"
"Seasonally Adjusted Workers’ Remittances","31-Oct-2022","TS_GP_ES_SWR_M.SWR0001","1 Workers Remittances (WR)","2247.62424","Million USD","Normal","","1","Workers Remittances"
"Seasonally Adjusted Workers’ Remittances","31-Oct-2022","TS_GP_ES_SWR_M.SWR0002","1 Seasonally adjusted Worker Remittance (SWR)","2222.6","Million USD","Normal","","1","Seasonally adjusted Worker Remittance"
"Seasonally Adjusted Workers’ Remittances","30-Sep-2022","TS_GP_ES_SWR_M.SWR0001","1 Workers Remittances (WR)","2487.225612","Million USD","Normal","","1","Workers Remittances"
"Seasonally Adjusted Workers’ Remittances","30-Sep-2022","TS_GP_ES_SWR_M.SWR0002","1 Seasonally adjusted Worker Remittance (SWR)","2478.8","Million USD","Normal","","1","Seasonally adjusted Worker Remittance"
"Seasonally Adjusted Workers’ Remittances","31-Aug-2022","TS_GP_ES_SWR_M.SWR0002","1 Seasonally adjusted Worker Remittance (SWR)","2825.68","Million USD","Normal","","1","Seasonally adjusted Worker Remittance"
"Seasonally Adjusted Workers’ Remittances","31-Aug-2022","TS_GP_ES_SWR_M.SWR0001","1 Workers Remittances (WR)","2815.673902","Million USD","Normal","","1","Workers Remittances"
"Seasonally Adjusted Workers’ Remittances","31-Jul-2022","TS_GP_ES_SWR_M.SWR0001","1 Workers Remittances (WR)","2594.295739","Million USD","Normal","","1","Workers Remittances"
"Seasonally Adjusted Workers’ Remittances","31-Jul-2022","TS_GP_ES_SWR_M.SWR0002","1 Seasonally adjusted Worker Remittance (SWR)","2517.14","Million USD","Normal","","1","Seasonally adjusted Worker Remittance"
"Seasonally Adjusted Workers’ Remittances","30-Jun-2022","TS_GP_ES_SWR_M.SWR0002","1 Seasonally adjusted Worker Remittance (SWR)","2599.59","Million USD","Normal","","1","Seasonally adjusted Worker Remittance"
"Seasonally Adjusted Workers’ Remittances","30-Jun-2022","TS_GP_ES_SWR_M.SWR0001","1 Workers Remittances (WR)","2789.577806","Million USD","Normal","","1","Workers Remittances"
"Seasonally Adjusted Workers’ Remittances","31-May-2022","TS_GP_ES_SWR_M.SWR0001","1 Workers Remittances (WR)","2346.240221","Million USD","Normal","","1","Workers Remittances"
"Seasonally Adjusted Workers’ Remittances","31-May-2022","TS_GP_ES_SWR_M.SWR0002","1 Seasonally adjusted Worker Remittance (SWR)","2524.05","Million USD","Normal","","1","Seasonally adjusted Worker Remittance"
"Seasonally Adjusted Workers’ Remittances","30-Apr-2022","TS_GP_ES_SWR_M.SWR0002","1 Seasonally adjusted Worker Remittance (SWR)","2613.9","Million USD","Normal","","1","Seasonally adjusted Worker Remittance"
"Seasonally Adjusted Workers’ Remittances","30-Apr-2022","TS_GP_ES_SWR_M.SWR0001","1 Workers Remittances (WR)","3124.369515","Million USD","Normal","","1","Workers Remittances"
"Seasonally Adjusted Workers’ Remittances","31-Mar-2022","TS_GP_ES_SWR_M.SWR0001","1 Workers Remittances (WR)","2834.767043","Million USD","Normal","","1","Workers Remittances"
"Seasonally Adjusted Workers’ Remittances","31-Mar-2022","TS_GP_ES_SWR_M.SWR0002","1 Seasonally adjusted Worker Remittance (SWR)","2786.67","Million USD","Normal","","1","Seasonally adjusted Worker Remittance"
"Seasonally Adjusted Workers’ Remittances","28-Feb-2022","TS_GP_ES_SWR_M.SWR0002","1 Seasonally adjusted Worker Remittance (SWR)","2437.29","Million USD","Normal","","1","Seasonally adjusted Worker Remittance"
"Seasonally Adjusted Workers’ Remittances","28-Feb-2022","TS_GP_ES_SWR_M.SWR0001","1 Workers Remittances (WR)","2196.168428","Million USD","Normal","","1","Workers Remittances"
"Seasonally Adjusted Workers’ Remittances","31-Jan-2022","TS_GP_ES_SWR_M.SWR0002","1 Seasonally adjusted Worker Remittance (SWR)","2354.64","Million USD","Normal","","1","Seasonally adjusted Worker Remittance"
"Seasonally Adjusted Workers’ Remittances","31-Jan-2022","TS_GP_ES_SWR_M.SWR0001","1 Workers Remittances (WR)","2180.433945","Million USD","Normal","","1","Workers Remittances"
"Seasonally Adjusted Workers’ Remittances","31-Dec-2021","TS_GP_ES_SWR_M.SWR0002","1 Seasonally adjusted Worker Remittance (SWR)","2556.82","Million USD","Normal","","1","Seasonally adjusted Worker Remittance"
"Seasonally Adjusted Workers’ Remittances","31-Dec-2021","TS_GP_ES_SWR_M.SWR0001","1 Workers Remittances (WR)","2520.352433","Million USD","Normal","","1","Workers Remittances"
"Seasonally Adjusted Workers’ Remittances","30-Nov-2021","TS_GP_ES_SWR_M.SWR0002","1 Seasonally adjusted Worker Remittance (SWR)","2590.86","Million USD","Normal","","1","Seasonally adjusted Worker Remittance"
"Seasonally Adjusted Workers’ Remittances","30-Nov-2021","TS_GP_ES_SWR_M.SWR0001","1 Workers Remittances (WR)","2459.709253","Million USD","Normal","","1","Workers Remittances"
"Seasonally Adjusted Workers’ Remittances","31-Oct-2021","TS_GP_ES_SWR_M.SWR0001","1 Workers Remittances (WR)","2628.586368","Million USD","Normal","","1","Workers Remittances"
"Seasonally Adjusted Workers’ Remittances","31-Oct-2021","TS_GP_ES_SWR_M.SWR0002","1 Seasonally adjusted Worker Remittance (SWR)","2599.86","Million USD","Normal","","1","Seasonally adjusted Worker Remittance"
"Seasonally Adjusted Workers’ Remittances","30-Sep-2021","TS_GP_ES_SWR_M.SWR0001","1 Workers Remittances (WR)","2779.892769","Million USD","Normal","","1","Workers Remittances"
"Seasonally Adjusted Workers’ Remittances","30-Sep-2021","TS_GP_ES_SWR_M.SWR0002","1 Seasonally adjusted Worker Remittance (SWR)","2770.7","Million USD","Normal","","1","Seasonally adjusted Worker Remittance"
"Seasonally Adjusted Workers’ Remittances","31-Aug-2021","TS_GP_ES_SWR_M.SWR0001","1 Workers Remittances (WR)","2682.62743","Million USD","Normal","","1","Workers Remittances"
"Seasonally Adjusted Workers’ Remittances","31-Aug-2021","TS_GP_ES_SWR_M.SWR0002","1 Seasonally adjusted Worker Remittance (SWR)","2706.21","Million USD","Normal","","1","Seasonally adjusted Worker Remittance"
"Seasonally Adjusted Workers’ Remittances","31-Jul-2021","TS_GP_ES_SWR_M.SWR0001","1 Workers Remittances (WR)","2736.077681","Million USD","Normal","","1","Workers Remittances"
"Seasonally Adjusted Workers’ Remittances","31-Jul-2021","TS_GP_ES_SWR_M.SWR0002","1 Seasonally adjusted Worker Remittance (SWR)","2638.05","Million USD","Normal","","1","Seasonally adjusted Worker Remittance"
"Seasonally Adjusted Workers’ Remittances","30-Jun-2021","TS_GP_ES_SWR_M.SWR0002","1 Seasonally adjusted Worker Remittance (SWR)","2526.26","Million USD","Normal","","1","Seasonally adjusted Worker Remittance"
"Seasonally Adjusted Workers’ Remittances","30-Jun-2021","TS_GP_ES_SWR_M.SWR0001","1 Workers Remittances (WR)","2714.234446","Million USD","Normal","","1","Workers Remittances"
"Seasonally Adjusted Workers’ Remittances","31-May-2021","TS_GP_ES_SWR_M.SWR0001","1 Workers Remittances (WR)","2506.658351","Million USD","Normal","","1","Workers Remittances"
"Seasonally Adjusted Workers’ Remittances","31-May-2021","TS_GP_ES_SWR_M.SWR0002","1 Seasonally adjusted Worker Remittance (SWR)","2475.45","Million USD","Normal","","1","Seasonally adjusted Worker Remittance"
"Seasonally Adjusted Workers’ Remittances","30-Apr-2021","TS_GP_ES_SWR_M.SWR0002","1 Seasonally adjusted Worker Remittance (SWR)","2562.19","Million USD","Normal","","1","Seasonally adjusted Worker Remittance"
"Seasonally Adjusted Workers’ Remittances","30-Apr-2021","TS_GP_ES_SWR_M.SWR0001","1 Workers Remittances (WR)","2792.557929","Million USD","Normal","","1","Workers Remittances"
"Seasonally Adjusted Workers’ Remittances","31-Mar-2021","TS_GP_ES_SWR_M.SWR0001","1 Workers Remittances (WR)","2723.218474","Million USD","Normal","","1","Workers Remittances"
"Seasonally Adjusted Workers’ Remittances","31-Mar-2021","TS_GP_ES_SWR_M.SWR0002","1 Seasonally adjusted Worker Remittance (SWR)","2667.13","Million USD","Normal","","1","Seasonally adjusted Worker Remittance"
"Seasonally Adjusted Workers’ Remittances","28-Feb-2021","TS_GP_ES_SWR_M.SWR0002","1 Seasonally adjusted Worker Remittance (SWR)","2519.79","Million USD","Normal","","1","Seasonally adjusted Worker Remittance"
"Seasonally Adjusted Workers’ Remittances","28-Feb-2021","TS_GP_ES_SWR_M.SWR0001","1 Workers Remittances (WR)","2260.322735","Million USD","Normal","","1","Workers Remittances"
"Seasonally Adjusted Workers’ Remittances","31-Jan-2021","TS_GP_ES_SWR_M.SWR0002","1 Seasonally adjusted Worker Remittance (SWR)","2444.16","Million USD","Normal","","1","Seasonally adjusted Worker Remittance"
"Seasonally Adjusted Workers’ Remittances","31-Jan-2021","TS_GP_ES_SWR_M.SWR0001","1 Workers Remittances (WR)","2268.742601","Million USD","Normal","","1","Workers Remittances"
"Seasonally Adjusted Workers’ Remittances","31-Dec-2020","TS_GP_ES_SWR_M.SWR0002","1 Seasonally adjusted Worker Remittance (SWR)","2443.46","Million USD","Normal","","1","Seasonally adjusted Worker Remittance"
"Seasonally Adjusted Workers’ Remittances","31-Dec-2020","TS_GP_ES_SWR_M.SWR0001","1 Workers Remittances (WR)","2421.721535","Million USD","Normal","","1","Workers Remittances"
"Seasonally Adjusted Workers’ Remittances","30-Nov-2020","TS_GP_ES_SWR_M.SWR0002","1 Seasonally adjusted Worker Remittance (SWR)","2460.93","Million USD","Normal","","1","Seasonally adjusted Worker Remittance"
"Seasonally Adjusted Workers’ Remittances","30-Nov-2020","TS_GP_ES_SWR_M.SWR0001","1 Workers Remittances (WR)","2332.147257","Million USD","Normal","","1","Workers Remittances"
"Seasonally Adjusted Workers’ Remittances","31-Oct-2020","TS_GP_ES_SWR_M.SWR0001","1 Workers Remittances (WR)","2284.10714","Million USD","Normal","","1","Workers Remittances"
"Seasonally Adjusted Workers’ Remittances","31-Oct-2020","TS_GP_ES_SWR_M.SWR0002","1 Seasonally adjusted Worker Remittance (SWR)","2262.33","Million USD","Normal","","1","Seasonally adjusted Worker Remittance"
"Seasonally Adjusted Workers’ Remittances","30-Sep-2020","TS_GP_ES_SWR_M.SWR0001","1 Workers Remittances (WR)","2285.022573","Million USD","Normal","","1","Workers Remittances"
"Seasonally Adjusted Workers’ Remittances","30-Sep-2020","TS_GP_ES_SWR_M.SWR0002","1 Seasonally adjusted Worker Remittance (SWR)","2327.01","Million USD","Normal","","1","Seasonally adjusted Worker Remittance"
"Seasonally Adjusted Workers’ Remittances","31-Aug-2020","TS_GP_ES_SWR_M.SWR0001","1 Workers Remittances (WR)","2096.213734","Million USD","Normal","","1","Workers Remittances"
"Seasonally Adjusted Workers’ Remittances","31-Aug-2020","TS_GP_ES_SWR_M.SWR0002","1 Seasonally adjusted Worker Remittance (SWR)","2079.56","Million USD","Normal","","1","Seasonally adjusted Worker Remittance"
"Seasonally Adjusted Workers’ Remittances","31-Jul-2020","TS_GP_ES_SWR_M.SWR0001","1 Workers Remittances (WR)","2764.960828","Million USD","Normal","","1","Workers Remittances"
"Seasonally Adjusted Workers’ Remittances","31-Jul-2020","TS_GP_ES_SWR_M.SWR0002","1 Seasonally adjusted Worker Remittance (SWR)","2655.56","Million USD","Normal","","1","Seasonally adjusted Worker Remittance"
"Seasonally Adjusted Workers’ Remittances","30-Jun-2020","TS_GP_ES_SWR_M.SWR0002","1 Seasonally adjusted Worker Remittance (SWR)","2171.36","Million USD","Normal","","1","Seasonally adjusted Worker Remittance"
"Seasonally Adjusted Workers’ Remittances","30-Jun-2020","TS_GP_ES_SWR_M.SWR0001","1 Workers Remittances (WR)","2473.27","Million USD","Normal","","1","Workers Remittances"
"Seasonally Adjusted Workers’ Remittances","31-May-2020","TS_GP_ES_SWR_M.SWR0001","1 Workers Remittances (WR)","1865.23","Million USD","Normal","","1","Workers Remittances"
"Seasonally Adjusted Workers’ Remittances","31-May-2020","TS_GP_ES_SWR_M.SWR0002","1 Seasonally adjusted Worker Remittance (SWR)","1818.48","Million USD","Normal","","1","Seasonally adjusted Worker Remittance"
"Seasonally Adjusted Workers’ Remittances","30-Apr-2020","TS_GP_ES_SWR_M.SWR0002","1 Seasonally adjusted Worker Remittance (SWR)","1765.06","Million USD","Normal","","1","Seasonally adjusted Worker Remittance"
"Seasonally Adjusted Workers’ Remittances","30-Apr-2020","TS_GP_ES_SWR_M.SWR0001","1 Workers Remittances (WR)","1785.1","Million USD","Normal","","1","Workers Remittances"
"Seasonally Adjusted Workers’ Remittances","31-Mar-2020","TS_GP_ES_SWR_M.SWR0001","1 Workers Remittances (WR)","1904.68","Million USD","Normal","","1","Workers Remittances"
"Seasonally Adjusted Workers’ Remittances","31-Mar-2020","TS_GP_ES_SWR_M.SWR0002","1 Seasonally adjusted Worker Remittance (SWR)","1858.61","Million USD","Normal","","1","Seasonally adjusted Worker Remittance"
"Seasonally Adjusted Workers’ Remittances","29-Feb-2020","TS_GP_ES_SWR_M.SWR0002","1 Seasonally adjusted Worker Remittance (SWR)","2035.31","Million USD","Normal","","1","Seasonally adjusted Worker Remittance"
"Seasonally Adjusted Workers’ Remittances","29-Feb-2020","TS_GP_ES_SWR_M.SWR0001","1 Workers Remittances (WR)","1824.83","Million USD","Normal","","1","Workers Remittances"
"Seasonally Adjusted Workers’ Remittances","31-Jan-2020","TS_GP_ES_SWR_M.SWR0002","1 Seasonally adjusted Worker Remittance (SWR)","2056.4","Million USD","Normal","","1","Seasonally adjusted Worker Remittance"
"Seasonally Adjusted Workers’ Remittances","31-Jan-2020","TS_GP_ES_SWR_M.SWR0001","1 Workers Remittances (WR)","1906.98","Million USD","Normal","","1","Workers Remittances"
"Seasonally Adjusted Workers’ Remittances","31-Dec-2019","TS_GP_ES_SWR_M.SWR0001","1 Workers Remittances (WR)","2097.07","Million USD","Normal","","1","Workers Remittances"
"Seasonally Adjusted Workers’ Remittances","31-Dec-2019","TS_GP_ES_SWR_M.SWR0002","1 Seasonally adjusted Worker Remittance (SWR)","2103.14","Million USD","Normal","","1","Seasonally adjusted Worker Remittance"
"Seasonally Adjusted Workers’ Remittances","30-Nov-2019","TS_GP_ES_SWR_M.SWR0001","1 Workers Remittances (WR)","1821.45","Million USD","Normal","","1","Workers Remittances"
"Seasonally Adjusted Workers’ Remittances","30-Nov-2019","TS_GP_ES_SWR_M.SWR0002","1 Seasonally adjusted Worker Remittance (SWR)","1924.99","Million USD","Normal","","1","Seasonally adjusted Worker Remittance"
"Seasonally Adjusted Workers’ Remittances","31-Oct-2019","TS_GP_ES_SWR_M.SWR0001","1 Workers Remittances (WR)","2001.22","Million USD","Normal","","1","Workers Remittances"
"Seasonally Adjusted Workers’ Remittances","31-Oct-2019","TS_GP_ES_SWR_M.SWR0002","1 Seasonally adjusted Worker Remittance (SWR)","1990.71","Million USD","Normal","","1","Seasonally adjusted Worker Remittance"
"Seasonally Adjusted Workers’ Remittances","30-Sep-2019","TS_GP_ES_SWR_M.SWR0001","1 Workers Remittances (WR)","1740.25","Million USD","Normal","","1","Workers Remittances"
"Seasonally Adjusted Workers’ Remittances","30-Sep-2019","TS_GP_ES_SWR_M.SWR0002","1 Seasonally adjusted Worker Remittance (SWR)","1760.19","Million USD","Normal","","1","Seasonally adjusted Worker Remittance"
"Seasonally Adjusted Workers’ Remittances","31-Aug-2019","TS_GP_ES_SWR_M.SWR0002","1 Seasonally adjusted Worker Remittance (SWR)","1683.4","Million USD","Normal","","1","Seasonally adjusted Worker Remittance"
"Seasonally Adjusted Workers’ Remittances","31-Aug-2019","TS_GP_ES_SWR_M.SWR0001","1 Workers Remittances (WR)","1683.95","Million USD","Normal","","1","Workers Remittances"
"Seasonally Adjusted Workers’ Remittances","31-Jul-2019","TS_GP_ES_SWR_M.SWR0002","1 Seasonally adjusted Worker Remittance (SWR)","1942.82","Million USD","Normal","","1","Seasonally adjusted Worker Remittance"
"Seasonally Adjusted Workers’ Remittances","31-Jul-2019","TS_GP_ES_SWR_M.SWR0001","1 Workers Remittances (WR)","2028.28","Million USD","Normal","","1","Workers Remittances"
"Seasonally Adjusted Workers’ Remittances","30-Jun-2019","TS_GP_ES_SWR_M.SWR0001","1 Workers Remittances (WR)","1636.37","Million USD","Normal","","1","Workers Remittances"
"Seasonally Adjusted Workers’ Remittances","30-Jun-2019","TS_GP_ES_SWR_M.SWR0002","1 Seasonally adjusted Worker Remittance (SWR)","1656.6","Million USD","Normal","","1","Seasonally adjusted Worker Remittance"
"Seasonally Adjusted Workers’ Remittances","31-May-2019","TS_GP_ES_SWR_M.SWR0001","1 Workers Remittances (WR)","2302.02","Million USD","Normal","","1","Workers Remittances"
"Seasonally Adjusted Workers’ Remittances","31-May-2019","TS_GP_ES_SWR_M.SWR0002","1 Seasonally adjusted Worker Remittance (SWR)","1910.22","Million USD","Normal","","1","Seasonally adjusted Worker Remittance"
"Seasonally Adjusted Workers’ Remittances","30-Apr-2019","TS_GP_ES_SWR_M.SWR0002","1 Seasonally adjusted Worker Remittance (SWR)","1791.54","Million USD","Normal","","1","Seasonally adjusted Worker Remittance"
"Seasonally Adjusted Workers’ Remittances","30-Apr-2019","TS_GP_ES_SWR_M.SWR0001","1 Workers Remittances (WR)","1770.17","Million USD","Normal","","1","Workers Remittances"
"Seasonally Adjusted Workers’ Remittances","31-Mar-2019","TS_GP_ES_SWR_M.SWR0001","1 Workers Remittances (WR)","1733.5","Million USD","Normal","","1","Workers Remittances"
"Seasonally Adjusted Workers’ Remittances","31-Mar-2019","TS_GP_ES_SWR_M.SWR0002","1 Seasonally adjusted Worker Remittance (SWR)","1688.88","Million USD","Normal","","1","Seasonally adjusted Worker Remittance"
"Seasonally Adjusted Workers’ Remittances","28-Feb-2019","TS_GP_ES_SWR_M.SWR0002","1 Seasonally adjusted Worker Remittance (SWR)","1753.1","Million USD","Normal","","1","Seasonally adjusted Worker Remittance"
"Seasonally Adjusted Workers’ Remittances","28-Feb-2019","TS_GP_ES_SWR_M.SWR0001","1 Workers Remittances (WR)","1573.68","Million USD","Normal","","1","Workers Remittances"
"Seasonally Adjusted Workers’ Remittances","31-Jan-2019","TS_GP_ES_SWR_M.SWR0002","1 Seasonally adjusted Worker Remittance (SWR)","1870.83","Million USD","Normal","","1","Seasonally adjusted Worker Remittance"
"Seasonally Adjusted Workers’ Remittances","31-Jan-2019","TS_GP_ES_SWR_M.SWR0001","1 Workers Remittances (WR)","1735.85","Million USD","Normal","","1","Workers Remittances"
"Seasonally Adjusted Workers’ Remittances","31-Dec-2018","TS_GP_ES_SWR_M.SWR0001","1 Workers Remittances (WR)","1740.54","Million USD","Normal","","1","Workers Remittances"
"Seasonally Adjusted Workers’ Remittances","31-Dec-2018","TS_GP_ES_SWR_M.SWR0002","1 Seasonally adjusted Worker Remittance (SWR)","1735.16","Million USD","Normal","","1","Seasonally adjusted Worker Remittance"
"Seasonally Adjusted Workers’ Remittances","30-Nov-2018","TS_GP_ES_SWR_M.SWR0002","1 Seasonally adjusted Worker Remittance (SWR)","1756.63","Million USD","Normal","","1","Seasonally adjusted Worker Remittance"
"Seasonally Adjusted Workers’ Remittances","30-Nov-2018","TS_GP_ES_SWR_M.SWR0001","1 Workers Remittances (WR)","1657","Million USD","Normal","","1","Workers Remittances"
"Seasonally Adjusted Workers’ Remittances","31-Oct-2018","TS_GP_ES_SWR_M.SWR0002","1 Seasonally adjusted Worker Remittance (SWR)","2063.86","Million USD","Normal","","1","Seasonally adjusted Worker Remittance"
"Seasonally Adjusted Workers’ Remittances","31-Oct-2018","TS_GP_ES_SWR_M.SWR0001","1 Workers Remittances (WR)","2052.55","Million USD","Normal","","1","Workers Remittances"
"Seasonally Adjusted Workers’ Remittances","30-Sep-2018","TS_GP_ES_SWR_M.SWR0001","1 Workers Remittances (WR)","1480.3","Million USD","Normal","","1","Workers Remittances"
"Seasonally Adjusted Workers’ Remittances","30-Sep-2018","TS_GP_ES_SWR_M.SWR0002","1 Seasonally adjusted Worker Remittance (SWR)","1489.48","Million USD","Normal","","1","Seasonally adjusted Worker Remittance"
"Seasonally Adjusted Workers’ Remittances","31-Aug-2018","TS_GP_ES_SWR_M.SWR0002","1 Seasonally adjusted Worker Remittance (SWR)","2080.87","Million USD","Normal","","1","Seasonally adjusted Worker Remittance"
"Seasonally Adjusted Workers’ Remittances","31-Aug-2018","TS_GP_ES_SWR_M.SWR0001","1 Workers Remittances (WR)","2083.08","Million USD","Normal","","1","Workers Remittances"
"Seasonally Adjusted Workers’ Remittances","31-Jul-2018","TS_GP_ES_SWR_M.SWR0001","1 Workers Remittances (WR)","1974.35","Million USD","Normal","","1","Workers Remittances"
"Seasonally Adjusted Workers’ Remittances","31-Jul-2018","TS_GP_ES_SWR_M.SWR0002","1 Seasonally adjusted Worker Remittance (SWR)","1885.98","Million USD","Normal","","1","Seasonally adjusted Worker Remittance"
"Seasonally Adjusted Workers’ Remittances","30-Jun-2018","TS_GP_ES_SWR_M.SWR0002","1 Seasonally adjusted Worker Remittance (SWR)","1500.79","Million USD","Normal","","1","Seasonally adjusted Worker Remittance"
"Seasonally Adjusted Workers’ Remittances","30-Jun-2018","TS_GP_ES_SWR_M.SWR0001","1 Workers Remittances (WR)","1627.65","Million USD","Normal","","1","Workers Remittances"
"Seasonally Adjusted Workers’ Remittances","31-May-2018","TS_GP_ES_SWR_M.SWR0001","1 Workers Remittances (WR)","1804.08","Million USD","Normal","","1","Workers Remittances"
"Seasonally Adjusted Workers’ Remittances","31-May-2018","TS_GP_ES_SWR_M.SWR0002","1 Seasonally adjusted Worker Remittance (SWR)","1647","Million USD","Normal","","1","Seasonally adjusted Worker Remittance"
"Seasonally Adjusted Workers’ Remittances","30-Apr-2018","TS_GP_ES_SWR_M.SWR0002","1 Seasonally adjusted Worker Remittance (SWR)","1701.99","Million USD","Normal","","1","Seasonally adjusted Worker Remittance"
"Seasonally Adjusted Workers’ Remittances","30-Apr-2018","TS_GP_ES_SWR_M.SWR0001","1 Workers Remittances (WR)","1678.87","Million USD","Normal","","1","Workers Remittances"
"Seasonally Adjusted Workers’ Remittances","31-Mar-2018","TS_GP_ES_SWR_M.SWR0001","1 Workers Remittances (WR)","1803.6","Million USD","Normal","","1","Workers Remittances"
"Seasonally Adjusted Workers’ Remittances","31-Mar-2018","TS_GP_ES_SWR_M.SWR0002","1 Seasonally adjusted Worker Remittance (SWR)","1756.34","Million USD","Normal","","1","Seasonally adjusted Worker Remittance"
"Seasonally Adjusted Workers’ Remittances","28-Feb-2018","TS_GP_ES_SWR_M.SWR0001","1 Workers Remittances (WR)","1473.07","Million USD","Normal","","1","Workers Remittances"
"Seasonally Adjusted Workers’ Remittances","28-Feb-2018","TS_GP_ES_SWR_M.SWR0002","1 Seasonally adjusted Worker Remittance (SWR)","1637.63","Million USD","Normal","","1","Seasonally adjusted Worker Remittance"
"Seasonally Adjusted Workers’ Remittances","31-Jan-2018","TS_GP_ES_SWR_M.SWR0002","1 Seasonally adjusted Worker Remittance (SWR)","1785.4","Million USD","Normal","","1","Seasonally adjusted Worker Remittance"
"Seasonally Adjusted Workers’ Remittances","31-Jan-2018","TS_GP_ES_SWR_M.SWR0001","1 Workers Remittances (WR)","1662.25","Million USD","Normal","","1","Workers Remittances"
"Seasonally Adjusted Workers’ Remittances","31-Dec-2017","TS_GP_ES_SWR_M.SWR0002","1 Seasonally adjusted Worker Remittance (SWR)","1734.12","Million USD","Normal","","1","Seasonally adjusted Worker Remittance"
"Seasonally Adjusted Workers’ Remittances","31-Dec-2017","TS_GP_ES_SWR_M.SWR0001","1 Workers Remittances (WR)","1745.75","Million USD","Normal","","1","Workers Remittances"
"Seasonally Adjusted Workers’ Remittances","30-Nov-2017","TS_GP_ES_SWR_M.SWR0002","1 Seasonally adjusted Worker Remittance (SWR)","1698.82","Million USD","Normal","","1","Seasonally adjusted Worker Remittance"
"Seasonally Adjusted Workers’ Remittances","30-Nov-2017","TS_GP_ES_SWR_M.SWR0001","1 Workers Remittances (WR)","1596.47","Million USD","Normal","","1","Workers Remittances"
"Seasonally Adjusted Workers’ Remittances","31-Oct-2017","TS_GP_ES_SWR_M.SWR0001","1 Workers Remittances (WR)","1677.02","Million USD","Normal","","1","Workers Remittances"
"Seasonally Adjusted Workers’ Remittances","31-Oct-2017","TS_GP_ES_SWR_M.SWR0002","1 Seasonally adjusted Worker Remittance (SWR)","1699.81","Million USD","Normal","","1","Seasonally adjusted Worker Remittance"
"Seasonally Adjusted Workers’ Remittances","30-Sep-2017","TS_GP_ES_SWR_M.SWR0001","1 Workers Remittances (WR)","1314.1","Million USD","Normal","","1","Workers Remittances"
"Seasonally Adjusted Workers’ Remittances","30-Sep-2017","TS_GP_ES_SWR_M.SWR0002","1 Seasonally adjusted Worker Remittance (SWR)","1320.83","Million USD","Normal","","1","Seasonally adjusted Worker Remittance"
"Seasonally Adjusted Workers’ Remittances","31-Aug-2017","TS_GP_ES_SWR_M.SWR0001","1 Workers Remittances (WR)","1975.04","Million USD","Normal","","1","Workers Remittances"
"Seasonally Adjusted Workers’ Remittances","31-Aug-2017","TS_GP_ES_SWR_M.SWR0002","1 Seasonally adjusted Worker Remittance (SWR)","1966.3","Million USD","Normal","","1","Seasonally adjusted Worker Remittance"
"Seasonally Adjusted Workers’ Remittances","31-Jul-2017","TS_GP_ES_SWR_M.SWR0001","1 Workers Remittances (WR)","1555.65","Million USD","Normal","","1","Workers Remittances"
"Seasonally Adjusted Workers’ Remittances","31-Jul-2017","TS_GP_ES_SWR_M.SWR0002","1 Seasonally adjusted Worker Remittance (SWR)","1364.35","Million USD","Normal","","1","Seasonally adjusted Worker Remittance"
"Seasonally Adjusted Workers’ Remittances","30-Jun-2017","TS_GP_ES_SWR_M.SWR0001","1 Workers Remittances (WR)","1840.28","Million USD","Normal","","1","Workers Remittances"
"Seasonally Adjusted Workers’ Remittances","30-Jun-2017","TS_GP_ES_SWR_M.SWR0002","1 Seasonally adjusted Worker Remittance (SWR)","1770.44","Million USD","Normal","","1","Seasonally adjusted Worker Remittance"
"Seasonally Adjusted Workers’ Remittances","31-May-2017","TS_GP_ES_SWR_M.SWR0001","1 Workers Remittances (WR)","1867.15","Million USD","Normal","","1","Workers Remittances"
"Seasonally Adjusted Workers’ Remittances","31-May-2017","TS_GP_ES_SWR_M.SWR0002","1 Seasonally adjusted Worker Remittance (SWR)","1777.29","Million USD","Normal","","1","Seasonally adjusted Worker Remittance"
"Seasonally Adjusted Workers’ Remittances","30-Apr-2017","TS_GP_ES_SWR_M.SWR0002","1 Seasonally adjusted Worker Remittance (SWR)","1558.3","Million USD","Normal","","1","Seasonally adjusted Worker Remittance"
"Seasonally Adjusted Workers’ Remittances","30-Apr-2017","TS_GP_ES_SWR_M.SWR0001","1 Workers Remittances (WR)","1538.94","Million USD","Normal","","1","Workers Remittances"
"Seasonally Adjusted Workers’ Remittances","31-Mar-2017","TS_GP_ES_SWR_M.SWR0002","1 Seasonally adjusted Worker Remittance (SWR)","1659.94","Million USD","Normal","","1","Seasonally adjusted Worker Remittance"
"Seasonally Adjusted Workers’ Remittances","31-Mar-2017","TS_GP_ES_SWR_M.SWR0001","1 Workers Remittances (WR)","1694.49","Million USD","Normal","","1","Workers Remittances"
"Seasonally Adjusted Workers’ Remittances","28-Feb-2017","TS_GP_ES_SWR_M.SWR0001","1 Workers Remittances (WR)","1417.06","Million USD","Normal","","1","Workers Remittances"
"Seasonally Adjusted Workers’ Remittances","28-Feb-2017","TS_GP_ES_SWR_M.SWR0002","1 Seasonally adjusted Worker Remittance (SWR)","1571.27","Million USD","Normal","","1","Seasonally adjusted Worker Remittance"
"Seasonally Adjusted Workers’ Remittances","31-Jan-2017","TS_GP_ES_SWR_M.SWR0002","1 Seasonally adjusted Worker Remittance (SWR)","1587.11","Million USD","Normal","","1","Seasonally adjusted Worker Remittance"
"Seasonally Adjusted Workers’ Remittances","31-Jan-2017","TS_GP_ES_SWR_M.SWR0001","1 Workers Remittances (WR)","1488.37","Million USD","Normal","","1","Workers Remittances"
"Seasonally Adjusted Workers’ Remittances","31-Dec-2016","TS_GP_ES_SWR_M.SWR0001","1 Workers Remittances (WR)","1585.37","Million USD","Normal","","1","Workers Remittances"
"Seasonally Adjusted Workers’ Remittances","31-Dec-2016","TS_GP_ES_SWR_M.SWR0002","1 Seasonally adjusted Worker Remittance (SWR)","1571.97","Million USD","Normal","","1","Seasonally adjusted Worker Remittance"
"Seasonally Adjusted Workers’ Remittances","30-Nov-2016","TS_GP_ES_SWR_M.SWR0002","1 Seasonally adjusted Worker Remittance (SWR)","1732.6","Million USD","Normal","","1","Seasonally adjusted Worker Remittance"
"Seasonally Adjusted Workers’ Remittances","30-Nov-2016","TS_GP_ES_SWR_M.SWR0001","1 Workers Remittances (WR)","1618.35","Million USD","Normal","","1","Workers Remittances"
"Seasonally Adjusted Workers’ Remittances","31-Oct-2016","TS_GP_ES_SWR_M.SWR0002","1 Seasonally adjusted Worker Remittance (SWR)","1583.08","Million USD","Normal","","1","Seasonally adjusted Worker Remittance"
"Seasonally Adjusted Workers’ Remittances","31-Oct-2016","TS_GP_ES_SWR_M.SWR0001","1 Workers Remittances (WR)","1561.02","Million USD","Normal","","1","Workers Remittances"
"Seasonally Adjusted Workers’ Remittances","30-Sep-2016","TS_GP_ES_SWR_M.SWR0001","1 Workers Remittances (WR)","1612.36","Million USD","Normal","","1","Workers Remittances"
"Seasonally Adjusted Workers’ Remittances","30-Sep-2016","TS_GP_ES_SWR_M.SWR0002","1 Seasonally adjusted Worker Remittance (SWR)","1621.96","Million USD","Normal","","1","Seasonally adjusted Worker Remittance"
"Seasonally Adjusted Workers’ Remittances","31-Aug-2016","TS_GP_ES_SWR_M.SWR0001","1 Workers Remittances (WR)","1767.73","Million USD","Normal","","1","Workers Remittances"
"Seasonally Adjusted Workers’ Remittances","31-Aug-2016","TS_GP_ES_SWR_M.SWR0002","1 Seasonally adjusted Worker Remittance (SWR)","1756.64","Million USD","Normal","","1","Seasonally adjusted Worker Remittance"
"Seasonally Adjusted Workers’ Remittances","31-Jul-2016","TS_GP_ES_SWR_M.SWR0002","1 Seasonally adjusted Worker Remittance (SWR)","1405.46","Million USD","Normal","","1","Seasonally adjusted Worker Remittance"
"Seasonally Adjusted Workers’ Remittances","31-Jul-2016","TS_GP_ES_SWR_M.SWR0001","1 Workers Remittances (WR)","1360.28","Million USD","Normal","","1","Workers Remittances"
"Seasonally Adjusted Workers’ Remittances","30-Jun-2016","TS_GP_ES_SWR_M.SWR0002","1 Seasonally adjusted Worker Remittance (SWR)","1672.28","Million USD","Normal","","1","Seasonally adjusted Worker Remittance"
"Seasonally Adjusted Workers’ Remittances","30-Jun-2016","TS_GP_ES_SWR_M.SWR0001","1 Workers Remittances (WR)","2073.08","Million USD","Normal","","1","Workers Remittances"
"Seasonally Adjusted Workers’ Remittances","31-May-2016","TS_GP_ES_SWR_M.SWR0001","1 Workers Remittances (WR)","1799.43","Million USD","Normal","","1","Workers Remittances"
"Seasonally Adjusted Workers’ Remittances","31-May-2016","TS_GP_ES_SWR_M.SWR0002","1 Seasonally adjusted Worker Remittance (SWR)","1742.55","Million USD","Normal","","1","Seasonally adjusted Worker Remittance"
"Seasonally Adjusted Workers’ Remittances","30-Apr-2016","TS_GP_ES_SWR_M.SWR0001","1 Workers Remittances (WR)","1656.46","Million USD","Normal","","1","Workers Remittances"
"Seasonally Adjusted Workers’ Remittances","30-Apr-2016","TS_GP_ES_SWR_M.SWR0002","1 Seasonally adjusted Worker Remittance (SWR)","1668.39","Million USD","Normal","","1","Seasonally adjusted Worker Remittance"
"Seasonally Adjusted Workers’ Remittances","31-Mar-2016","TS_GP_ES_SWR_M.SWR0001","1 Workers Remittances (WR)","1711.15","Million USD","Normal","","1","Workers Remittances"
"Seasonally Adjusted Workers’ Remittances","31-Mar-2016","TS_GP_ES_SWR_M.SWR0002","1 Seasonally adjusted Worker Remittance (SWR)","1680.88","Million USD","Normal","","1","Seasonally adjusted Worker Remittance"
"Seasonally Adjusted Workers’ Remittances","29-Feb-2016","TS_GP_ES_SWR_M.SWR0002","1 Seasonally adjusted Worker Remittance (SWR)","1683.2","Million USD","Normal","","1","Seasonally adjusted Worker Remittance"
"Seasonally Adjusted Workers’ Remittances","29-Feb-2016","TS_GP_ES_SWR_M.SWR0001","1 Workers Remittances (WR)","1521.92","Million USD","Normal","","1","Workers Remittances"
"Seasonally Adjusted Workers’ Remittances","31-Jan-2016","TS_GP_ES_SWR_M.SWR0002","1 Seasonally adjusted Worker Remittance (SWR)","1554.88","Million USD","Normal","","1","Seasonally adjusted Worker Remittance"
"Seasonally Adjusted Workers’ Remittances","31-Jan-2016","TS_GP_ES_SWR_M.SWR0001","1 Workers Remittances (WR)","1466.38","Million USD","Normal","","1","Workers Remittances"
"Seasonally Adjusted Workers’ Remittances","31-Dec-2015","TS_GP_ES_SWR_M.SWR0001","1 Workers Remittances (WR)","1616.13","Million USD","Normal","","1","Workers Remittances"
"Seasonally Adjusted Workers’ Remittances","31-Dec-2015","TS_GP_ES_SWR_M.SWR0002","1 Seasonally adjusted Worker Remittance (SWR)","1603.51","Million USD","Normal","","1","Seasonally adjusted Worker Remittance"
"Seasonally Adjusted Workers’ Remittances","30-Nov-2015","TS_GP_ES_SWR_M.SWR0001","1 Workers Remittances (WR)","1565.19","Million USD","Normal","","1","Workers Remittances"
"Seasonally Adjusted Workers’ Remittances","30-Nov-2015","TS_GP_ES_SWR_M.SWR0002","1 Seasonally adjusted Worker Remittance (SWR)","1747.68","Million USD","Normal","","1","Seasonally adjusted Worker Remittance"
"Seasonally Adjusted Workers’ Remittances","31-Oct-2015","TS_GP_ES_SWR_M.SWR0001","1 Workers Remittances (WR)","1541.21","Million USD","Normal","","1","Workers Remittances"
"Seasonally Adjusted Workers’ Remittances","31-Oct-2015","TS_GP_ES_SWR_M.SWR0002","1 Seasonally adjusted Worker Remittance (SWR)","1509.66","Million USD","Normal","","1","Seasonally adjusted Worker Remittance"
"Seasonally Adjusted Workers’ Remittances","30-Sep-2015","TS_GP_ES_SWR_M.SWR0001","1 Workers Remittances (WR)","1775.15","Million USD","Normal","","1","Workers Remittances"
"Seasonally Adjusted Workers’ Remittances","30-Sep-2015","TS_GP_ES_SWR_M.SWR0002","1 Seasonally adjusted Worker Remittance (SWR)","1785.32","Million USD","Normal","","1","Seasonally adjusted Worker Remittance"
"Seasonally Adjusted Workers’ Remittances","31-Aug-2015","TS_GP_ES_SWR_M.SWR0002","1 Seasonally adjusted Worker Remittance (SWR)","1513.91","Million USD","Normal","","1","Seasonally adjusted Worker Remittance"
"Seasonally Adjusted Workers’ Remittances","31-Aug-2015","TS_GP_ES_SWR_M.SWR0001","1 Workers Remittances (WR)","1527.19","Million USD","Normal","","1","Workers Remittances"
"Seasonally Adjusted Workers’ Remittances","31-Jul-2015","TS_GP_ES_SWR_M.SWR0002","1 Seasonally adjusted Worker Remittance (SWR)","1539.6","Million USD","Normal","","1","Seasonally adjusted Worker Remittance"
"Seasonally Adjusted Workers’ Remittances","31-Jul-2015","TS_GP_ES_SWR_M.SWR0001","1 Workers Remittances (WR)","1663.47","Million USD","Normal","","1","Workers Remittances"
"Seasonally Adjusted Workers’ Remittances","30-Jun-2015","TS_GP_ES_SWR_M.SWR0001","1 Workers Remittances (WR)","1821.68","Million USD","Normal","","1","Workers Remittances"
"Seasonally Adjusted Workers’ Remittances","30-Jun-2015","TS_GP_ES_SWR_M.SWR0002","1 Seasonally adjusted Worker Remittance (SWR)","1654.27","Million USD","Normal","","1","Seasonally adjusted Worker Remittance"
"Seasonally Adjusted Workers’ Remittances","31-May-2015","TS_GP_ES_SWR_M.SWR0001","1 Workers Remittances (WR)","1663.32","Million USD","Normal","","1","Workers Remittances"
"Seasonally Adjusted Workers’ Remittances","31-May-2015","TS_GP_ES_SWR_M.SWR0002","1 Seasonally adjusted Worker Remittance (SWR)","1608.28","Million USD","Normal","","1","Seasonally adjusted Worker Remittance"
"Seasonally Adjusted Workers’ Remittances","30-Apr-2015","TS_GP_ES_SWR_M.SWR0002","1 Seasonally adjusted Worker Remittance (SWR)","1642.61","Million USD","Normal","","1","Seasonally adjusted Worker Remittance"
"Seasonally Adjusted Workers’ Remittances","30-Apr-2015","TS_GP_ES_SWR_M.SWR0001","1 Workers Remittances (WR)","1640.05","Million USD","Normal","","1","Workers Remittances"
"Seasonally Adjusted Workers’ Remittances","31-Mar-2015","TS_GP_ES_SWR_M.SWR0001","1 Workers Remittances (WR)","1608.51","Million USD","Normal","","1","Workers Remittances"
"Seasonally Adjusted Workers’ Remittances","31-Mar-2015","TS_GP_ES_SWR_M.SWR0002","1 Seasonally adjusted Worker Remittance (SWR)","1576.01","Million USD","Normal","","1","Seasonally adjusted Worker Remittance"
"Seasonally Adjusted Workers’ Remittances","28-Feb-2015","TS_GP_ES_SWR_M.SWR0002","1 Seasonally adjusted Worker Remittance (SWR)","1568","Million USD","Normal","","1","Seasonally adjusted Worker Remittance"
"Seasonally Adjusted Workers’ Remittances","28-Feb-2015","TS_GP_ES_SWR_M.SWR0001","1 Workers Remittances (WR)","1420.54","Million USD","Normal","","1","Workers Remittances"
"Seasonally Adjusted Workers’ Remittances","31-Jan-2015","TS_GP_ES_SWR_M.SWR0002","1 Seasonally adjusted Worker Remittance (SWR)","1486.9","Million USD","Normal","","1","Seasonally adjusted Worker Remittance"
"Seasonally Adjusted Workers’ Remittances","31-Jan-2015","TS_GP_ES_SWR_M.SWR0001","1 Workers Remittances (WR)","1403.74","Million USD","Normal","","1","Workers Remittances"
"Seasonally Adjusted Workers’ Remittances","31-Dec-2014","TS_GP_ES_SWR_M.SWR0002","1 Seasonally adjusted Worker Remittance (SWR)","1620.03","Million USD","Normal","","1","Seasonally adjusted Worker Remittance"
"Seasonally Adjusted Workers’ Remittances","31-Dec-2014","TS_GP_ES_SWR_M.SWR0001","1 Workers Remittances (WR)","1634.06","Million USD","Normal","","1","Workers Remittances"
"Seasonally Adjusted Workers’ Remittances","30-Nov-2014","TS_GP_ES_SWR_M.SWR0002","1 Seasonally adjusted Worker Remittance (SWR)","1443.75","Million USD","Normal","","1","Seasonally adjusted Worker Remittance"
"Seasonally Adjusted Workers’ Remittances","30-Nov-2014","TS_GP_ES_SWR_M.SWR0001","1 Workers Remittances (WR)","1343.76","Million USD","Normal","","1","Workers Remittances"
"Seasonally Adjusted Workers’ Remittances","31-Oct-2014","TS_GP_ES_SWR_M.SWR0001","1 Workers Remittances (WR)","1409.22","Million USD","Normal","","1","Workers Remittances"
"Seasonally Adjusted Workers’ Remittances","31-Oct-2014","TS_GP_ES_SWR_M.SWR0002","1 Seasonally adjusted Worker Remittance (SWR)","1433.62","Million USD","Normal","","1","Seasonally adjusted Worker Remittance"
"Seasonally Adjusted Workers’ Remittances","30-Sep-2014","TS_GP_ES_SWR_M.SWR0001","1 Workers Remittances (WR)","1748.49","Million USD","Normal","","1","Workers Remittances"
"Seasonally Adjusted Workers’ Remittances","30-Sep-2014","TS_GP_ES_SWR_M.SWR0002","1 Seasonally adjusted Worker Remittance (SWR)","1768.69","Million USD","Normal","","1","Seasonally adjusted Worker Remittance"
"Seasonally Adjusted Workers’ Remittances","31-Aug-2014","TS_GP_ES_SWR_M.SWR0001","1 Workers Remittances (WR)","1350.86","Million USD","Normal","","1","Workers Remittances"
"Seasonally Adjusted Workers’ Remittances","31-Aug-2014","TS_GP_ES_SWR_M.SWR0002","1 Seasonally adjusted Worker Remittance (SWR)","1265.65","Million USD","Normal","","1","Seasonally adjusted Worker Remittance"
"Seasonally Adjusted Workers’ Remittances","31-Jul-2014","TS_GP_ES_SWR_M.SWR0001","1 Workers Remittances (WR)","1675.77","Million USD","Normal","","1","Workers Remittances"
"Seasonally Adjusted Workers’ Remittances","31-Jul-2014","TS_GP_ES_SWR_M.SWR0002","1 Seasonally adjusted Worker Remittance (SWR)","1599.96","Million USD","Normal","","1","Seasonally adjusted Worker Remittance"
"Seasonally Adjusted Workers’ Remittances","30-Jun-2014","TS_GP_ES_SWR_M.SWR0002","1 Seasonally adjusted Worker Remittance (SWR)","1409.67","Million USD","Normal","","1","Seasonally adjusted Worker Remittance"
"Seasonally Adjusted Workers’ Remittances","30-Jun-2014","TS_GP_ES_SWR_M.SWR0001","1 Workers Remittances (WR)","1499.33","Million USD","Normal","","1","Workers Remittances"
"Seasonally Adjusted Workers’ Remittances","31-May-2014","TS_GP_ES_SWR_M.SWR0001","1 Workers Remittances (WR)","1440.47","Million USD","Normal","","1","Workers Remittances"
"Seasonally Adjusted Workers’ Remittances","31-May-2014","TS_GP_ES_SWR_M.SWR0002","1 Seasonally adjusted Worker Remittance (SWR)","1390.26","Million USD","Normal","","1","Seasonally adjusted Worker Remittance"
"Seasonally Adjusted Workers’ Remittances","30-Apr-2014","TS_GP_ES_SWR_M.SWR0002","1 Seasonally adjusted Worker Remittance (SWR)","1308.57","Million USD","Normal","","1","Seasonally adjusted Worker Remittance"
"Seasonally Adjusted Workers’ Remittances","30-Apr-2014","TS_GP_ES_SWR_M.SWR0001","1 Workers Remittances (WR)","1311.85","Million USD","Normal","","1","Workers Remittances"
"Seasonally Adjusted Workers’ Remittances","31-Mar-2014","TS_GP_ES_SWR_M.SWR0001","1 Workers Remittances (WR)","1337.89","Million USD","Normal","","1","Workers Remittances"
"Seasonally Adjusted Workers’ Remittances","31-Mar-2014","TS_GP_ES_SWR_M.SWR0002","1 Seasonally adjusted Worker Remittance (SWR)","1302.23","Million USD","Normal","","1","Seasonally adjusted Worker Remittance"
"Seasonally Adjusted Workers’ Remittances","28-Feb-2014","TS_GP_ES_SWR_M.SWR0002","1 Seasonally adjusted Worker Remittance (SWR)","1330.31","Million USD","Normal","","1","Seasonally adjusted Worker Remittance"
"Seasonally Adjusted Workers’ Remittances","28-Feb-2014","TS_GP_ES_SWR_M.SWR0001","1 Workers Remittances (WR)","1209.77","Million USD","Normal","","1","Workers Remittances"
"Seasonally Adjusted Workers’ Remittances","31-Jan-2014","TS_GP_ES_SWR_M.SWR0002","1 Seasonally adjusted Worker Remittance (SWR)","1322.36","Million USD","Normal","","1","Seasonally adjusted Worker Remittance"
"Seasonally Adjusted Workers’ Remittances","31-Jan-2014","TS_GP_ES_SWR_M.SWR0001","1 Workers Remittances (WR)","1245.97","Million USD","Normal","","1","Workers Remittances"
"Seasonally Adjusted Workers’ Remittances","31-Dec-2013","TS_GP_ES_SWR_M.SWR0002","1 Seasonally adjusted Worker Remittance (SWR)","1371.82","Million USD","Normal","","1","Seasonally adjusted Worker Remittance"
"Seasonally Adjusted Workers’ Remittances","31-Dec-2013","TS_GP_ES_SWR_M.SWR0001","1 Workers Remittances (WR)","1384.94","Million USD","Normal","","1","Workers Remittances"
"Seasonally Adjusted Workers’ Remittances","30-Nov-2013","TS_GP_ES_SWR_M.SWR0002","1 Seasonally adjusted Worker Remittance (SWR)","1210.1","Million USD","Normal","","1","Seasonally adjusted Worker Remittance"
"Seasonally Adjusted Workers’ Remittances","30-Nov-2013","TS_GP_ES_SWR_M.SWR0001","1 Workers Remittances (WR)","1130.41","Million USD","Normal","","1","Workers Remittances"
"Seasonally Adjusted Workers’ Remittances","31-Oct-2013","TS_GP_ES_SWR_M.SWR0001","1 Workers Remittances (WR)","1348.03","Million USD","Normal","","1","Workers Remittances"
"Seasonally Adjusted Workers’ Remittances","31-Oct-2013","TS_GP_ES_SWR_M.SWR0002","1 Seasonally adjusted Worker Remittance (SWR)","1385.94","Million USD","Normal","","1","Seasonally adjusted Worker Remittance"
"Seasonally Adjusted Workers’ Remittances","30-Sep-2013","TS_GP_ES_SWR_M.SWR0001","1 Workers Remittances (WR)","1284.22","Million USD","Normal","","1","Workers Remittances"
"Seasonally Adjusted Workers’ Remittances","30-Sep-2013","TS_GP_ES_SWR_M.SWR0002","1 Seasonally adjusted Worker Remittance (SWR)","1297.33","Million USD","Normal","","1","Seasonally adjusted Worker Remittance"
"Seasonally Adjusted Workers’ Remittances","31-Aug-2013","TS_GP_ES_SWR_M.SWR0001","1 Workers Remittances (WR)","1240.14","Million USD","Normal","","1","Workers Remittances"
"Seasonally Adjusted Workers’ Remittances","31-Aug-2013","TS_GP_ES_SWR_M.SWR0002","1 Seasonally adjusted Worker Remittance (SWR)","1225.62","Million USD","Normal","","1","Seasonally adjusted Worker Remittance"
"Seasonally Adjusted Workers’ Remittances","31-Jul-2013","TS_GP_ES_SWR_M.SWR0002","1 Seasonally adjusted Worker Remittance (SWR)","1419.44","Million USD","Normal","","1","Seasonally adjusted Worker Remittance"
"Seasonally Adjusted Workers’ Remittances","31-Jul-2013","TS_GP_ES_SWR_M.SWR0001","1 Workers Remittances (WR)","1404.69","Million USD","Normal","","1","Workers Remittances"
"Seasonally Adjusted Workers’ Remittances","30-Jun-2013","TS_GP_ES_SWR_M.SWR0002","1 Seasonally adjusted Worker Remittance (SWR)","990.94","Million USD","Normal","","1","Seasonally adjusted Worker Remittance"
"Seasonally Adjusted Workers’ Remittances","30-Jun-2013","TS_GP_ES_SWR_M.SWR0001","1 Workers Remittances (WR)","1166.19","Million USD","Normal","","1","Workers Remittances"
"Seasonally Adjusted Workers’ Remittances","31-May-2013","TS_GP_ES_SWR_M.SWR0001","1 Workers Remittances (WR)","1185.65","Million USD","Normal","","1","Workers Remittances"
"Seasonally Adjusted Workers’ Remittances","31-May-2013","TS_GP_ES_SWR_M.SWR0002","1 Seasonally adjusted Worker Remittance (SWR)","1143.61","Million USD","Normal","","1","Seasonally adjusted Worker Remittance"
"Seasonally Adjusted Workers’ Remittances","30-Apr-2013","TS_GP_ES_SWR_M.SWR0001","1 Workers Remittances (WR)","1215.9","Million USD","Normal","","1","Workers Remittances"
"Seasonally Adjusted Workers’ Remittances","30-Apr-2013","TS_GP_ES_SWR_M.SWR0002","1 Seasonally adjusted Worker Remittance (SWR)","1208.74","Million USD","Normal","","1","Seasonally adjusted Worker Remittance"
"Seasonally Adjusted Workers’ Remittances","31-Mar-2013","TS_GP_ES_SWR_M.SWR0002","1 Seasonally adjusted Worker Remittance (SWR)","1083.8","Million USD","Normal","","1","Seasonally adjusted Worker Remittance"
"Seasonally Adjusted Workers’ Remittances","31-Mar-2013","TS_GP_ES_SWR_M.SWR0001","1 Workers Remittances (WR)","1119.15","Million USD","Normal","","1","Workers Remittances"
"Seasonally Adjusted Workers’ Remittances","28-Feb-2013","TS_GP_ES_SWR_M.SWR0001","1 Workers Remittances (WR)","1028.38","Million USD","Normal","","1","Workers Remittances"
"Seasonally Adjusted Workers’ Remittances","28-Feb-2013","TS_GP_ES_SWR_M.SWR0002","1 Seasonally adjusted Worker Remittance (SWR)","1125.37","Million USD","Normal","","1","Seasonally adjusted Worker Remittance"
"Seasonally Adjusted Workers’ Remittances","31-Jan-2013","TS_GP_ES_SWR_M.SWR0002","1 Seasonally adjusted Worker Remittance (SWR)","1155.86","Million USD","Normal","","1","Seasonally adjusted Worker Remittance"
"Seasonally Adjusted Workers’ Remittances","31-Jan-2013","TS_GP_ES_SWR_M.SWR0001","1 Workers Remittances (WR)","1089.64","Million USD","Normal","","1","Workers Remittances"
"Seasonally Adjusted Workers’ Remittances","31-Dec-2012","TS_GP_ES_SWR_M.SWR0002","1 Seasonally adjusted Worker Remittance (SWR)","1120.85","Million USD","Normal","","1","Seasonally adjusted Worker Remittance"
"Seasonally Adjusted Workers’ Remittances","31-Dec-2012","TS_GP_ES_SWR_M.SWR0001","1 Workers Remittances (WR)","1134.7","Million USD","Normal","","1","Workers Remittances"
"Seasonally Adjusted Workers’ Remittances","30-Nov-2012","TS_GP_ES_SWR_M.SWR0002","1 Seasonally adjusted Worker Remittance (SWR)","1139.12","Million USD","Normal","","1","Seasonally adjusted Worker Remittance"
"Seasonally Adjusted Workers’ Remittances","30-Nov-2012","TS_GP_ES_SWR_M.SWR0001","1 Workers Remittances (WR)","1017.83","Million USD","Normal","","1","Workers Remittances"
"Seasonally Adjusted Workers’ Remittances","31-Oct-2012","TS_GP_ES_SWR_M.SWR0001","1 Workers Remittances (WR)","1365.1","Million USD","Normal","","1","Workers Remittances"
"Seasonally Adjusted Workers’ Remittances","31-Oct-2012","TS_GP_ES_SWR_M.SWR0002","1 Seasonally adjusted Worker Remittance (SWR)","1351.05","Million USD","Normal","","1","Seasonally adjusted Worker Remittance"
"Seasonally Adjusted Workers’ Remittances","30-Sep-2012","TS_GP_ES_SWR_M.SWR0001","1 Workers Remittances (WR)","1135.42","Million USD","Normal","","1","Workers Remittances"
"Seasonally Adjusted Workers’ Remittances","30-Sep-2012","TS_GP_ES_SWR_M.SWR0002","1 Seasonally adjusted Worker Remittance (SWR)","1147.18","Million USD","Normal","","1","Seasonally adjusted Worker Remittance"
"Seasonally Adjusted Workers’ Remittances","31-Aug-2012","TS_GP_ES_SWR_M.SWR0001","1 Workers Remittances (WR)","1258.98","Million USD","Normal","","1","Workers Remittances"
"Seasonally Adjusted Workers’ Remittances","31-Aug-2012","TS_GP_ES_SWR_M.SWR0002","1 Seasonally adjusted Worker Remittance (SWR)","1204.93","Million USD","Normal","","1","Seasonally adjusted Worker Remittance"
"Seasonally Adjusted Workers’ Remittances","31-Jul-2012","TS_GP_ES_SWR_M.SWR0001","1 Workers Remittances (WR)","1204.71","Million USD","Normal","","1","Workers Remittances"
"Seasonally Adjusted Workers’ Remittances","31-Jul-2012","TS_GP_ES_SWR_M.SWR0002","1 Seasonally adjusted Worker Remittance (SWR)","1133.66","Million USD","Normal","","1","Seasonally adjusted Worker Remittance"
"Seasonally Adjusted Workers’ Remittances","30-Jun-2012","TS_GP_ES_SWR_M.SWR0002","1 Seasonally adjusted Worker Remittance (SWR)","1064.08","Million USD","Normal","","1","Seasonally adjusted Worker Remittance"
"Seasonally Adjusted Workers’ Remittances","30-Jun-2012","TS_GP_ES_SWR_M.SWR0001","1 Workers Remittances (WR)","1117.52","Million USD","Normal","","1","Workers Remittances"
"Seasonally Adjusted Workers’ Remittances","31-May-2012","TS_GP_ES_SWR_M.SWR0002","1 Seasonally adjusted Worker Remittance (SWR)","1149.25","Million USD","Normal","","1","Seasonally adjusted Worker Remittance"
"Seasonally Adjusted Workers’ Remittances","31-May-2012","TS_GP_ES_SWR_M.SWR0001","1 Workers Remittances (WR)","1192.11","Million USD","Normal","","1","Workers Remittances"
"Seasonally Adjusted Workers’ Remittances","30-Apr-2012","TS_GP_ES_SWR_M.SWR0002","1 Seasonally adjusted Worker Remittance (SWR)","1129.87","Million USD","Normal","","1","Seasonally adjusted Worker Remittance"
"Seasonally Adjusted Workers’ Remittances","30-Apr-2012","TS_GP_ES_SWR_M.SWR0001","1 Workers Remittances (WR)","1141.02","Million USD","Normal","","1","Workers Remittances"
"Seasonally Adjusted Workers’ Remittances","31-Mar-2012","TS_GP_ES_SWR_M.SWR0001","1 Workers Remittances (WR)","1143.18","Million USD","Normal","","1","Workers Remittances"
"Seasonally Adjusted Workers’ Remittances","31-Mar-2012","TS_GP_ES_SWR_M.SWR0002","1 Seasonally adjusted Worker Remittance (SWR)","1104.2","Million USD","Normal","","1","Seasonally adjusted Worker Remittance"
"Seasonally Adjusted Workers’ Remittances","29-Feb-2012","TS_GP_ES_SWR_M.SWR0002","1 Seasonally adjusted Worker Remittance (SWR)","1260.32","Million USD","Normal","","1","Seasonally adjusted Worker Remittance"
"Seasonally Adjusted Workers’ Remittances","29-Feb-2012","TS_GP_ES_SWR_M.SWR0001","1 Workers Remittances (WR)","1156.81","Million USD","Normal","","1","Workers Remittances"
"Seasonally Adjusted Workers’ Remittances","31-Jan-2012","TS_GP_ES_SWR_M.SWR0002","1 Seasonally adjusted Worker Remittance (SWR)","1172.41","Million USD","Normal","","1","Seasonally adjusted Worker Remittance"
"Seasonally Adjusted Workers’ Remittances","31-Jan-2012","TS_GP_ES_SWR_M.SWR0001","1 Workers Remittances (WR)","1110.64","Million USD","Normal","","1","Workers Remittances"
"Seasonally Adjusted Workers’ Remittances","31-Dec-2011","TS_GP_ES_SWR_M.SWR0001","1 Workers Remittances (WR)","1085.35","Million USD","Normal","","1","Workers Remittances"
"Seasonally Adjusted Workers’ Remittances","31-Dec-2011","TS_GP_ES_SWR_M.SWR0002","1 Seasonally adjusted Worker Remittance (SWR)","1086.21","Million USD","Normal","","1","Seasonally adjusted Worker Remittance"
"Seasonally Adjusted Workers’ Remittances","30-Nov-2011","TS_GP_ES_SWR_M.SWR0002","1 Seasonally adjusted Worker Remittance (SWR)","990.84","Million USD","Normal","","1","Seasonally adjusted Worker Remittance"
"Seasonally Adjusted Workers’ Remittances","30-Nov-2011","TS_GP_ES_SWR_M.SWR0001","1 Workers Remittances (WR)","924.92","Million USD","Normal","","1","Workers Remittances"
"Seasonally Adjusted Workers’ Remittances","31-Oct-2011","TS_GP_ES_SWR_M.SWR0002","1 Seasonally adjusted Worker Remittance (SWR)","1041.09","Million USD","Normal","","1","Seasonally adjusted Worker Remittance"
"Seasonally Adjusted Workers’ Remittances","31-Oct-2011","TS_GP_ES_SWR_M.SWR0001","1 Workers Remittances (WR)","1017.87","Million USD","Normal","","1","Workers Remittances"
"Seasonally Adjusted Workers’ Remittances","30-Sep-2011","TS_GP_ES_SWR_M.SWR0002","1 Seasonally adjusted Worker Remittance (SWR)","967.37","Million USD","Normal","","1","Seasonally adjusted Worker Remittance"
"Seasonally Adjusted Workers’ Remittances","30-Sep-2011","TS_GP_ES_SWR_M.SWR0001","1 Workers Remittances (WR)","890.42","Million USD","Normal","","1","Workers Remittances"
"Seasonally Adjusted Workers’ Remittances","31-Aug-2011","TS_GP_ES_SWR_M.SWR0002","1 Seasonally adjusted Worker Remittance (SWR)","1119.87","Million USD","Normal","","1","Seasonally adjusted Worker Remittance"
"Seasonally Adjusted Workers’ Remittances","31-Aug-2011","TS_GP_ES_SWR_M.SWR0001","1 Workers Remittances (WR)","1310.47","Million USD","Normal","","1","Workers Remittances"
"Seasonally Adjusted Workers’ Remittances","31-Jul-2011","TS_GP_ES_SWR_M.SWR0002","1 Seasonally adjusted Worker Remittance (SWR)","1082.2","Million USD","Normal","","1","Seasonally adjusted Worker Remittance"
"Seasonally Adjusted Workers’ Remittances","31-Jul-2011","TS_GP_ES_SWR_M.SWR0001","1 Workers Remittances (WR)","1096.31","Million USD","Normal","","1","Workers Remittances"
"Seasonally Adjusted Workers’ Remittances","30-Jun-2011","TS_GP_ES_SWR_M.SWR0002","1 Seasonally adjusted Worker Remittance (SWR)","1054.64","Million USD","Normal","","1","Seasonally adjusted Worker Remittance"
"Seasonally Adjusted Workers’ Remittances","30-Jun-2011","TS_GP_ES_SWR_M.SWR0001","1 Workers Remittances (WR)","1104.56","Million USD","Normal","","1","Workers Remittances"
"Seasonally Adjusted Workers’ Remittances","31-May-2011","TS_GP_ES_SWR_M.SWR0002","1 Seasonally adjusted Worker Remittance (SWR)","1015.12","Million USD","Normal","","1","Seasonally adjusted Worker Remittance"
"Seasonally Adjusted Workers’ Remittances","31-May-2011","TS_GP_ES_SWR_M.SWR0001","1 Workers Remittances (WR)","1049.8","Million USD","Normal","","1","Workers Remittances"
"Seasonally Adjusted Workers’ Remittances","30-Apr-2011","TS_GP_ES_SWR_M.SWR0002","1 Seasonally adjusted Worker Remittance (SWR)","1018.35","Million USD","Normal","","1","Seasonally adjusted Worker Remittance"
"Seasonally Adjusted Workers’ Remittances","30-Apr-2011","TS_GP_ES_SWR_M.SWR0001","1 Workers Remittances (WR)","1030.43","Million USD","Normal","","1","Workers Remittances"
"Seasonally Adjusted Workers’ Remittances","31-Mar-2011","TS_GP_ES_SWR_M.SWR0001","1 Workers Remittances (WR)","1052.9","Million USD","Normal","","1","Workers Remittances"
"Seasonally Adjusted Workers’ Remittances","31-Mar-2011","TS_GP_ES_SWR_M.SWR0002","1 Seasonally adjusted Worker Remittance (SWR)","1013.68","Million USD","Normal","","1","Seasonally adjusted Worker Remittance"
"Seasonally Adjusted Workers’ Remittances","28-Feb-2011","TS_GP_ES_SWR_M.SWR0001","1 Workers Remittances (WR)","845.28","Million USD","Normal","","1","Workers Remittances"
"Seasonally Adjusted Workers’ Remittances","28-Feb-2011","TS_GP_ES_SWR_M.SWR0002","1 Seasonally adjusted Worker Remittance (SWR)","920.27","Million USD","Normal","","1","Seasonally adjusted Worker Remittance"
"Seasonally Adjusted Workers’ Remittances","31-Jan-2011","TS_GP_ES_SWR_M.SWR0001","1 Workers Remittances (WR)","826.57","Million USD","Normal","","1","Workers Remittances"
"Seasonally Adjusted Workers’ Remittances","31-Jan-2011","TS_GP_ES_SWR_M.SWR0002","1 Seasonally adjusted Worker Remittance (SWR)","863.66","Million USD","Normal","","1","Seasonally adjusted Worker Remittance"
"Seasonally Adjusted Workers’ Remittances","31-Dec-2010","TS_GP_ES_SWR_M.SWR0002","1 Seasonally adjusted Worker Remittance (SWR)","849.35","Million USD","Normal","","1","Seasonally adjusted Worker Remittance"
"Seasonally Adjusted Workers’ Remittances","31-Dec-2010","TS_GP_ES_SWR_M.SWR0001","1 Workers Remittances (WR)","863.13","Million USD","Normal","","1","Workers Remittances"
"Seasonally Adjusted Workers’ Remittances","30-Nov-2010","TS_GP_ES_SWR_M.SWR0002","1 Seasonally adjusted Worker Remittance (SWR)","1001.51","Million USD","Normal","","1","Seasonally adjusted Worker Remittance"
"Seasonally Adjusted Workers’ Remittances","30-Nov-2010","TS_GP_ES_SWR_M.SWR0001","1 Workers Remittances (WR)","926.89","Million USD","Normal","","1","Workers Remittances"
"Seasonally Adjusted Workers’ Remittances","31-Oct-2010","TS_GP_ES_SWR_M.SWR0001","1 Workers Remittances (WR)","855.11","Million USD","Normal","","1","Workers Remittances"
"Seasonally Adjusted Workers’ Remittances","31-Oct-2010","TS_GP_ES_SWR_M.SWR0002","1 Seasonally adjusted Worker Remittance (SWR)","882.71","Million USD","Normal","","1","Seasonally adjusted Worker Remittance"
"Seasonally Adjusted Workers’ Remittances","30-Sep-2010","TS_GP_ES_SWR_M.SWR0001","1 Workers Remittances (WR)","922.06","Million USD","Normal","","1","Workers Remittances"
"Seasonally Adjusted Workers’ Remittances","30-Sep-2010","TS_GP_ES_SWR_M.SWR0002","1 Seasonally adjusted Worker Remittance (SWR)","974.48","Million USD","Normal","","1","Seasonally adjusted Worker Remittance"
"Seasonally Adjusted Workers’ Remittances","31-Aug-2010","TS_GP_ES_SWR_M.SWR0001","1 Workers Remittances (WR)","933.06","Million USD","Normal","","1","Workers Remittances"
"Seasonally Adjusted Workers’ Remittances","31-Aug-2010","TS_GP_ES_SWR_M.SWR0002","1 Seasonally adjusted Worker Remittance (SWR)","820.13","Million USD","Normal","","1","Seasonally adjusted Worker Remittance"
"Seasonally Adjusted Workers’ Remittances","31-Jul-2010","TS_GP_ES_SWR_M.SWR0001","1 Workers Remittances (WR)","791.18","Million USD","Normal","","1","Workers Remittances"
"Seasonally Adjusted Workers’ Remittances","31-Jul-2010","TS_GP_ES_SWR_M.SWR0002","1 Seasonally adjusted Worker Remittance (SWR)","786.51","Million USD","Normal","","1","Seasonally adjusted Worker Remittance"
"Seasonally Adjusted Workers’ Remittances","30-Jun-2010","TS_GP_ES_SWR_M.SWR0002","1 Seasonally adjusted Worker Remittance (SWR)","805.06","Million USD","Normal","","1","Seasonally adjusted Worker Remittance"
"Seasonally Adjusted Workers’ Remittances","30-Jun-2010","TS_GP_ES_SWR_M.SWR0001","1 Workers Remittances (WR)","841.44","Million USD","Normal","","1","Workers Remittances"
"Seasonally Adjusted Workers’ Remittances","31-May-2010","TS_GP_ES_SWR_M.SWR0001","1 Workers Remittances (WR)","757.86","Million USD","Normal","","1","Workers Remittances"
"Seasonally Adjusted Workers’ Remittances","31-May-2010","TS_GP_ES_SWR_M.SWR0002","1 Seasonally adjusted Worker Remittance (SWR)","735.79","Million USD","Normal","","1","Seasonally adjusted Worker Remittance"
"Seasonally Adjusted Workers’ Remittances","30-Apr-2010","TS_GP_ES_SWR_M.SWR0002","1 Seasonally adjusted Worker Remittance (SWR)","747.1","Million USD","Normal","","1","Seasonally adjusted Worker Remittance"
"Seasonally Adjusted Workers’ Remittances","30-Apr-2010","TS_GP_ES_SWR_M.SWR0001","1 Workers Remittances (WR)","755.77","Million USD","Normal","","1","Workers Remittances"
"Seasonally Adjusted Workers’ Remittances","31-Mar-2010","TS_GP_ES_SWR_M.SWR0001","1 Workers Remittances (WR)","763.71","Million USD","Normal","","1","Workers Remittances"
"Seasonally Adjusted Workers’ Remittances","31-Mar-2010","TS_GP_ES_SWR_M.SWR0002","1 Seasonally adjusted Worker Remittance (SWR)","732.76","Million USD","Normal","","1","Seasonally adjusted Worker Remittance"
"Seasonally Adjusted Workers’ Remittances","28-Feb-2010","TS_GP_ES_SWR_M.SWR0002","1 Seasonally adjusted Worker Remittance (SWR)","640.23","Million USD","Normal","","1","Seasonally adjusted Worker Remittance"
"Seasonally Adjusted Workers’ Remittances","28-Feb-2010","TS_GP_ES_SWR_M.SWR0001","1 Workers Remittances (WR)","589.03","Million USD","Normal","","1","Workers Remittances"
"Seasonally Adjusted Workers’ Remittances","31-Jan-2010","TS_GP_ES_SWR_M.SWR0002","1 Seasonally adjusted Worker Remittance (SWR)","691.46","Million USD","Normal","","1","Seasonally adjusted Worker Remittance"
"Seasonally Adjusted Workers’ Remittances","31-Jan-2010","TS_GP_ES_SWR_M.SWR0001","1 Workers Remittances (WR)","667.9","Million USD","Normal","","1","Workers Remittances"
"Seasonally Adjusted Workers’ Remittances","31-Dec-2009","TS_GP_ES_SWR_M.SWR0002","1 Seasonally adjusted Worker Remittance (SWR)","718.3","Million USD","Normal","","1","Seasonally adjusted Worker Remittance"
"Seasonally Adjusted Workers’ Remittances","31-Dec-2009","TS_GP_ES_SWR_M.SWR0001","1 Workers Remittances (WR)","697.6","Million USD","Normal","","1","Workers Remittances"
"Seasonally Adjusted Workers’ Remittances","30-Nov-2009","TS_GP_ES_SWR_M.SWR0002","1 Seasonally adjusted Worker Remittance (SWR)","764.94","Million USD","Normal","","1","Seasonally adjusted Worker Remittance"
"Seasonally Adjusted Workers’ Remittances","30-Nov-2009","TS_GP_ES_SWR_M.SWR0001","1 Workers Remittances (WR)","742.79","Million USD","Normal","","1","Workers Remittances"
"Seasonally Adjusted Workers’ Remittances","31-Oct-2009","TS_GP_ES_SWR_M.SWR0002","1 Seasonally adjusted Worker Remittance (SWR)","763.06","Million USD","Normal","","1","Seasonally adjusted Worker Remittance"
"Seasonally Adjusted Workers’ Remittances","31-Oct-2009","TS_GP_ES_SWR_M.SWR0001","1 Workers Remittances (WR)","758.29","Million USD","Normal","","1","Workers Remittances"
"Seasonally Adjusted Workers’ Remittances","30-Sep-2009","TS_GP_ES_SWR_M.SWR0002","1 Seasonally adjusted Worker Remittance (SWR)","804.37","Million USD","Normal","","1","Seasonally adjusted Worker Remittance"
"Seasonally Adjusted Workers’ Remittances","30-Sep-2009","TS_GP_ES_SWR_M.SWR0001","1 Workers Remittances (WR)","806.12","Million USD","Normal","","1","Workers Remittances"
"Seasonally Adjusted Workers’ Remittances","31-Aug-2009","TS_GP_ES_SWR_M.SWR0001","1 Workers Remittances (WR)","780.53","Million USD","Normal","","1","Workers Remittances"
"Seasonally Adjusted Workers’ Remittances","31-Aug-2009","TS_GP_ES_SWR_M.SWR0002","1 Seasonally adjusted Worker Remittance (SWR)","746.74","Million USD","Normal","","1","Seasonally adjusted Worker Remittance"
"Seasonally Adjusted Workers’ Remittances","31-Jul-2009","TS_GP_ES_SWR_M.SWR0001","1 Workers Remittances (WR)","744.85","Million USD","Normal","","1","Workers Remittances"
"Seasonally Adjusted Workers’ Remittances","31-Jul-2009","TS_GP_ES_SWR_M.SWR0002","1 Seasonally adjusted Worker Remittance (SWR)","744.83","Million USD","Normal","","1","Seasonally adjusted Worker Remittance"
"Seasonally Adjusted Workers’ Remittances","30-Jun-2009","TS_GP_ES_SWR_M.SWR0001","1 Workers Remittances (WR)","735.17","Million USD","Normal","","1","Workers Remittances"
"Seasonally Adjusted Workers’ Remittances","30-Jun-2009","TS_GP_ES_SWR_M.SWR0002","1 Seasonally adjusted Worker Remittance (SWR)","703.96","Million USD","Normal","","1","Seasonally adjusted Worker Remittance"
"Seasonally Adjusted Workers’ Remittances","31-May-2009","TS_GP_ES_SWR_M.SWR0001","1 Workers Remittances (WR)","720.68","Million USD","Normal","","1","Workers Remittances"
"Seasonally Adjusted Workers’ Remittances","31-May-2009","TS_GP_ES_SWR_M.SWR0002","1 Seasonally adjusted Worker Remittance (SWR)","704.36","Million USD","Normal","","1","Seasonally adjusted Worker Remittance"
"Seasonally Adjusted Workers’ Remittances","30-Apr-2009","TS_GP_ES_SWR_M.SWR0001","1 Workers Remittances (WR)","697.52","Million USD","Normal","","1","Workers Remittances"
"Seasonally Adjusted Workers’ Remittances","30-Apr-2009","TS_GP_ES_SWR_M.SWR0002","1 Seasonally adjusted Worker Remittance (SWR)","691.85","Million USD","Normal","","1","Seasonally adjusted Worker Remittance"
"Seasonally Adjusted Workers’ Remittances","31-Mar-2009","TS_GP_ES_SWR_M.SWR0002","1 Seasonally adjusted Worker Remittance (SWR)","706.05","Million USD","Normal","","1","Seasonally adjusted Worker Remittance"
"Seasonally Adjusted Workers’ Remittances","31-Mar-2009","TS_GP_ES_SWR_M.SWR0001","1 Workers Remittances (WR)","739.43","Million USD","Normal","","1","Workers Remittances"
"Seasonally Adjusted Workers’ Remittances","28-Feb-2009","TS_GP_ES_SWR_M.SWR0001","1 Workers Remittances (WR)","641.32","Million USD","Normal","","1","Workers Remittances"
"Seasonally Adjusted Workers’ Remittances","28-Feb-2009","TS_GP_ES_SWR_M.SWR0002","1 Seasonally adjusted Worker Remittance (SWR)","696","Million USD","Normal","","1","Seasonally adjusted Worker Remittance"
"Seasonally Adjusted Workers’ Remittances","31-Jan-2009","TS_GP_ES_SWR_M.SWR0001","1 Workers Remittances (WR)","637.3","Million USD","Normal","","1","Workers Remittances"
"Seasonally Adjusted Workers’ Remittances","31-Jan-2009","TS_GP_ES_SWR_M.SWR0002","1 Seasonally adjusted Worker Remittance (SWR)","654.46","Million USD","Normal","","1","Seasonally adjusted Worker Remittance"
"Seasonally Adjusted Workers’ Remittances","31-Dec-2008","TS_GP_ES_SWR_M.SWR0001","1 Workers Remittances (WR)","673.5","Million USD","Normal","","1","Workers Remittances"
"Seasonally Adjusted Workers’ Remittances","31-Dec-2008","TS_GP_ES_SWR_M.SWR0002","1 Seasonally adjusted Worker Remittance (SWR)","670.11","Million USD","Normal","","1","Seasonally adjusted Worker Remittance"
"Seasonally Adjusted Workers’ Remittances","30-Nov-2008","TS_GP_ES_SWR_M.SWR0001","1 Workers Remittances (WR)","620.52","Million USD","Normal","","1","Workers Remittances"
"Seasonally Adjusted Workers’ Remittances","30-Nov-2008","TS_GP_ES_SWR_M.SWR0002","1 Seasonally adjusted Worker Remittance (SWR)","657.79","Million USD","Normal","","1","Seasonally adjusted Worker Remittance"
"Seasonally Adjusted Workers’ Remittances","31-Oct-2008","TS_GP_ES_SWR_M.SWR0001","1 Workers Remittances (WR)","466.13","Million USD","Normal","","1","Workers Remittances"
"Seasonally Adjusted Workers’ Remittances","31-Oct-2008","TS_GP_ES_SWR_M.SWR0002","1 Seasonally adjusted Worker Remittance (SWR)","540.1","Million USD","Normal","","1","Seasonally adjusted Worker Remittance"
"Seasonally Adjusted Workers’ Remittances","30-Sep-2008","TS_GP_ES_SWR_M.SWR0001","1 Workers Remittances (WR)","660.35","Million USD","Normal","","1","Workers Remittances"
"Seasonally Adjusted Workers’ Remittances","30-Sep-2008","TS_GP_ES_SWR_M.SWR0002","1 Seasonally adjusted Worker Remittance (SWR)","558.95","Million USD","Normal","","1","Seasonally adjusted Worker Remittance"
"Seasonally Adjusted Workers’ Remittances","31-Aug-2008","TS_GP_ES_SWR_M.SWR0001","1 Workers Remittances (WR)","592.3","Million USD","Normal","","1","Workers Remittances"
"Seasonally Adjusted Workers’ Remittances","31-Aug-2008","TS_GP_ES_SWR_M.SWR0002","1 Seasonally adjusted Worker Remittance (SWR)","581.68","Million USD","Normal","","1","Seasonally adjusted Worker Remittance"
"Seasonally Adjusted Workers’ Remittances","31-Jul-2008","TS_GP_ES_SWR_M.SWR0002","1 Seasonally adjusted Worker Remittance (SWR)","631.39","Million USD","Normal","","1","Seasonally adjusted Worker Remittance"
"Seasonally Adjusted Workers’ Remittances","31-Jul-2008","TS_GP_ES_SWR_M.SWR0001","1 Workers Remittances (WR)","627.21","Million USD","Normal","","1","Workers Remittances"
"Seasonally Adjusted Workers’ Remittances","30-Jun-2008","TS_GP_ES_SWR_M.SWR0002","1 Seasonally adjusted Worker Remittance (SWR)","523.3","Million USD","Normal","","1","Seasonally adjusted Worker Remittance"
"Seasonally Adjusted Workers’ Remittances","30-Jun-2008","TS_GP_ES_SWR_M.SWR0001","1 Workers Remittances (WR)","547.41","Million USD","Normal","","1","Workers Remittances"
"Seasonally Adjusted Workers’ Remittances","31-May-2008","TS_GP_ES_SWR_M.SWR0001","1 Workers Remittances (WR)","584.75","Million USD","Normal","","1","Workers Remittances"
"Seasonally Adjusted Workers’ Remittances","31-May-2008","TS_GP_ES_SWR_M.SWR0002","1 Seasonally adjusted Worker Remittance (SWR)","575.68","Million USD","Normal","","1","Seasonally adjusted Worker Remittance"
"Seasonally Adjusted Workers’ Remittances","30-Apr-2008","TS_GP_ES_SWR_M.SWR0001","1 Workers Remittances (WR)","590.71","Million USD","Normal","","1","Workers Remittances"
"Seasonally Adjusted Workers’ Remittances","30-Apr-2008","TS_GP_ES_SWR_M.SWR0002","1 Seasonally adjusted Worker Remittance (SWR)","588.99","Million USD","Normal","","1","Seasonally adjusted Worker Remittance"
"Seasonally Adjusted Workers’ Remittances","31-Mar-2008","TS_GP_ES_SWR_M.SWR0001","1 Workers Remittances (WR)","602.21","Million USD","Normal","","1","Workers Remittances"
"Seasonally Adjusted Workers’ Remittances","31-Mar-2008","TS_GP_ES_SWR_M.SWR0002","1 Seasonally adjusted Worker Remittance (SWR)","572.2","Million USD","Normal","","1","Seasonally adjusted Worker Remittance"
"Seasonally Adjusted Workers’ Remittances","29-Feb-2008","TS_GP_ES_SWR_M.SWR0002","1 Seasonally adjusted Worker Remittance (SWR)","544.12","Million USD","Normal","","1","Seasonally adjusted Worker Remittance"
"Seasonally Adjusted Workers’ Remittances","29-Feb-2008","TS_GP_ES_SWR_M.SWR0001","1 Workers Remittances (WR)","502.76","Million USD","Normal","","1","Workers Remittances"
"Seasonally Adjusted Workers’ Remittances","31-Jan-2008","TS_GP_ES_SWR_M.SWR0002","1 Seasonally adjusted Worker Remittance (SWR)","568.98","Million USD","Normal","","1","Seasonally adjusted Worker Remittance"
"Seasonally Adjusted Workers’ Remittances","31-Jan-2008","TS_GP_ES_SWR_M.SWR0001","1 Workers Remittances (WR)","557.07","Million USD","Normal","","1","Workers Remittances"
"Seasonally Adjusted Workers’ Remittances","31-Dec-2007","TS_GP_ES_SWR_M.SWR0002","1 Seasonally adjusted Worker Remittance (SWR)","475.7","Million USD","Normal","","1","Seasonally adjusted Worker Remittance"
"Seasonally Adjusted Workers’ Remittances","31-Dec-2007","TS_GP_ES_SWR_M.SWR0001","1 Workers Remittances (WR)","479.26","Million USD","Normal","","1","Workers Remittances"
"Seasonally Adjusted Workers’ Remittances","30-Nov-2007","TS_GP_ES_SWR_M.SWR0002","1 Seasonally adjusted Worker Remittance (SWR)","531.67","Million USD","Normal","","1","Seasonally adjusted Worker Remittance"
"Seasonally Adjusted Workers’ Remittances","30-Nov-2007","TS_GP_ES_SWR_M.SWR0001","1 Workers Remittances (WR)","505.58","Million USD","Normal","","1","Workers Remittances"
"Seasonally Adjusted Workers’ Remittances","31-Oct-2007","TS_GP_ES_SWR_M.SWR0002","1 Seasonally adjusted Worker Remittance (SWR)","601.87","Million USD","Normal","","1","Seasonally adjusted Worker Remittance"
"Seasonally Adjusted Workers’ Remittances","31-Oct-2007","TS_GP_ES_SWR_M.SWR0001","1 Workers Remittances (WR)","580.24","Million USD","Normal","","1","Workers Remittances"
"Seasonally Adjusted Workers’ Remittances","30-Sep-2007","TS_GP_ES_SWR_M.SWR0002","1 Seasonally adjusted Worker Remittance (SWR)","488.01","Million USD","Normal","","1","Seasonally adjusted Worker Remittance"
"Seasonally Adjusted Workers’ Remittances","30-Sep-2007","TS_GP_ES_SWR_M.SWR0001","1 Workers Remittances (WR)","516.05","Million USD","Normal","","1","Workers Remittances"
"Seasonally Adjusted Workers’ Remittances","31-Aug-2007","TS_GP_ES_SWR_M.SWR0001","1 Workers Remittances (WR)","489.51","Million USD","Normal","","1","Workers Remittances"
"Seasonally Adjusted Workers’ Remittances","31-Aug-2007","TS_GP_ES_SWR_M.SWR0002","1 Seasonally adjusted Worker Remittance (SWR)","479.83","Million USD","Normal","","1","Seasonally adjusted Worker Remittance"
"Seasonally Adjusted Workers’ Remittances","31-Jul-2007","TS_GP_ES_SWR_M.SWR0001","1 Workers Remittances (WR)","495.69","Million USD","Normal","","1","Workers Remittances"
"Seasonally Adjusted Workers’ Remittances","31-Jul-2007","TS_GP_ES_SWR_M.SWR0002","1 Seasonally adjusted Worker Remittance (SWR)","500.1","Million USD","Normal","","1","Seasonally adjusted Worker Remittance"
"Seasonally Adjusted Workers’ Remittances","30-Jun-2007","TS_GP_ES_SWR_M.SWR0002","1 Seasonally adjusted Worker Remittance (SWR)","481.03","Million USD","Normal","","1","Seasonally adjusted Worker Remittance"
"Seasonally Adjusted Workers’ Remittances","30-Jun-2007","TS_GP_ES_SWR_M.SWR0001","1 Workers Remittances (WR)","505.55","Million USD","Normal","","1","Workers Remittances"
"Seasonally Adjusted Workers’ Remittances","31-May-2007","TS_GP_ES_SWR_M.SWR0001","1 Workers Remittances (WR)","537.98","Million USD","Normal","","1","Workers Remittances"
"Seasonally Adjusted Workers’ Remittances","31-May-2007","TS_GP_ES_SWR_M.SWR0002","1 Seasonally adjusted Worker Remittance (SWR)","532.03","Million USD","Normal","","1","Seasonally adjusted Worker Remittance"
"Seasonally Adjusted Workers’ Remittances","30-Apr-2007","TS_GP_ES_SWR_M.SWR0002","1 Seasonally adjusted Worker Remittance (SWR)","514.56","Million USD","Normal","","1","Seasonally adjusted Worker Remittance"
"Seasonally Adjusted Workers’ Remittances","30-Apr-2007","TS_GP_ES_SWR_M.SWR0001","1 Workers Remittances (WR)","513.35","Million USD","Normal","","1","Workers Remittances"
"Seasonally Adjusted Workers’ Remittances","31-Mar-2007","TS_GP_ES_SWR_M.SWR0001","1 Workers Remittances (WR)","520.24","Million USD","Normal","","1","Workers Remittances"
"Seasonally Adjusted Workers’ Remittances","31-Mar-2007","TS_GP_ES_SWR_M.SWR0002","1 Seasonally adjusted Worker Remittance (SWR)","492.56","Million USD","Normal","","1","Seasonally adjusted Worker Remittance"
"Seasonally Adjusted Workers’ Remittances","28-Feb-2007","TS_GP_ES_SWR_M.SWR0001","1 Workers Remittances (WR)","457.18","Million USD","Normal","","1","Workers Remittances"
"Seasonally Adjusted Workers’ Remittances","28-Feb-2007","TS_GP_ES_SWR_M.SWR0002","1 Seasonally adjusted Worker Remittance (SWR)","492.38","Million USD","Normal","","1","Seasonally adjusted Worker Remittance"
"Seasonally Adjusted Workers’ Remittances","31-Jan-2007","TS_GP_ES_SWR_M.SWR0002","1 Seasonally adjusted Worker Remittance (SWR)","405.31","Million USD","Normal","","1","Seasonally adjusted Worker Remittance"
"Seasonally Adjusted Workers’ Remittances","31-Jan-2007","TS_GP_ES_SWR_M.SWR0001","1 Workers Remittances (WR)","391.33","Million USD","Normal","","1","Workers Remittances"
"Seasonally Adjusted Workers’ Remittances","31-Dec-2006","TS_GP_ES_SWR_M.SWR0002","1 Seasonally adjusted Worker Remittance (SWR)","462.55","Million USD","Normal","","1","Seasonally adjusted Worker Remittance"
"Seasonally Adjusted Workers’ Remittances","31-Dec-2006","TS_GP_ES_SWR_M.SWR0001","1 Workers Remittances (WR)","475.21","Million USD","Normal","","1","Workers Remittances"
"Seasonally Adjusted Workers’ Remittances","30-Nov-2006","TS_GP_ES_SWR_M.SWR0002","1 Seasonally adjusted Worker Remittance (SWR)","451.31","Million USD","Normal","","1","Seasonally adjusted Worker Remittance"
"Seasonally Adjusted Workers’ Remittances","30-Nov-2006","TS_GP_ES_SWR_M.SWR0001","1 Workers Remittances (WR)","448.61","Million USD","Normal","","1","Workers Remittances"
"Seasonally Adjusted Workers’ Remittances","31-Oct-2006","TS_GP_ES_SWR_M.SWR0002","1 Seasonally adjusted Worker Remittance (SWR)","421.03","Million USD","Normal","","1","Seasonally adjusted Worker Remittance"
"Seasonally Adjusted Workers’ Remittances","31-Oct-2006","TS_GP_ES_SWR_M.SWR0001","1 Workers Remittances (WR)","410.61","Million USD","Normal","","1","Workers Remittances"
"Seasonally Adjusted Workers’ Remittances","30-Sep-2006","TS_GP_ES_SWR_M.SWR0001","1 Workers Remittances (WR)","421.74","Million USD","Normal","","1","Workers Remittances"
"Seasonally Adjusted Workers’ Remittances","30-Sep-2006","TS_GP_ES_SWR_M.SWR0002","1 Seasonally adjusted Worker Remittance (SWR)","422.5","Million USD","Normal","","1","Seasonally adjusted Worker Remittance"
"Seasonally Adjusted Workers’ Remittances","31-Aug-2006","TS_GP_ES_SWR_M.SWR0001","1 Workers Remittances (WR)","434.84","Million USD","Normal","","1","Workers Remittances"
"Seasonally Adjusted Workers’ Remittances","31-Aug-2006","TS_GP_ES_SWR_M.SWR0002","1 Seasonally adjusted Worker Remittance (SWR)","425.97","Million USD","Normal","","1","Seasonally adjusted Worker Remittance"
"Seasonally Adjusted Workers’ Remittances","31-Jul-2006","TS_GP_ES_SWR_M.SWR0002","1 Seasonally adjusted Worker Remittance (SWR)","383.32","Million USD","Normal","","1","Seasonally adjusted Worker Remittance"
"Seasonally Adjusted Workers’ Remittances","31-Jul-2006","TS_GP_ES_SWR_M.SWR0001","1 Workers Remittances (WR)","377.01","Million USD","Normal","","1","Workers Remittances"
"Seasonally Adjusted Workers’ Remittances","30-Jun-2006","TS_GP_ES_SWR_M.SWR0001","1 Workers Remittances (WR)","463.87","Million USD","Normal","","1","Workers Remittances"
"Seasonally Adjusted Workers’ Remittances","30-Jun-2006","TS_GP_ES_SWR_M.SWR0002","1 Seasonally adjusted Worker Remittance (SWR)","442.32","Million USD","Normal","","1","Seasonally adjusted Worker Remittance"
"Seasonally Adjusted Workers’ Remittances","31-May-2006","TS_GP_ES_SWR_M.SWR0001","1 Workers Remittances (WR)","506.57","Million USD","Normal","","1","Workers Remittances"
"Seasonally Adjusted Workers’ Remittances","31-May-2006","TS_GP_ES_SWR_M.SWR0002","1 Seasonally adjusted Worker Remittance (SWR)","504.19","Million USD","Normal","","1","Seasonally adjusted Worker Remittance"
"Seasonally Adjusted Workers’ Remittances","30-Apr-2006","TS_GP_ES_SWR_M.SWR0002","1 Seasonally adjusted Worker Remittance (SWR)","406.76","Million USD","Normal","","1","Seasonally adjusted Worker Remittance"
"Seasonally Adjusted Workers’ Remittances","30-Apr-2006","TS_GP_ES_SWR_M.SWR0001","1 Workers Remittances (WR)","401.47","Million USD","Normal","","1","Workers Remittances"
"Seasonally Adjusted Workers’ Remittances","31-Mar-2006","TS_GP_ES_SWR_M.SWR0002","1 Seasonally adjusted Worker Remittance (SWR)","402.64","Million USD","Normal","","1","Seasonally adjusted Worker Remittance"
"Seasonally Adjusted Workers’ Remittances","31-Mar-2006","TS_GP_ES_SWR_M.SWR0001","1 Workers Remittances (WR)","423.56","Million USD","Normal","","1","Workers Remittances"
"Seasonally Adjusted Workers’ Remittances","28-Feb-2006","TS_GP_ES_SWR_M.SWR0001","1 Workers Remittances (WR)","358.13","Million USD","Normal","","1","Workers Remittances"
"Seasonally Adjusted Workers’ Remittances","28-Feb-2006","TS_GP_ES_SWR_M.SWR0002","1 Seasonally adjusted Worker Remittance (SWR)","384.15","Million USD","Normal","","1","Seasonally adjusted Worker Remittance"
"Seasonally Adjusted Workers’ Remittances","31-Jan-2006","TS_GP_ES_SWR_M.SWR0002","1 Seasonally adjusted Worker Remittance (SWR)","401.13","Million USD","Normal","","1","Seasonally adjusted Worker Remittance"
"Seasonally Adjusted Workers’ Remittances","31-Jan-2006","TS_GP_ES_SWR_M.SWR0001","1 Workers Remittances (WR)","391.32","Million USD","Normal","","1","Workers Remittances"
"Seasonally Adjusted Workers’ Remittances","31-Dec-2005","TS_GP_ES_SWR_M.SWR0001","1 Workers Remittances (WR)","371.24","Million USD","Normal","","1","Workers Remittances"
"Seasonally Adjusted Workers’ Remittances","31-Dec-2005","TS_GP_ES_SWR_M.SWR0002","1 Seasonally adjusted Worker Remittance (SWR)","362.75","Million USD","Normal","","1","Seasonally adjusted Worker Remittance"
"Seasonally Adjusted Workers’ Remittances","30-Nov-2005","TS_GP_ES_SWR_M.SWR0002","1 Seasonally adjusted Worker Remittance (SWR)","355.63","Million USD","Normal","","1","Seasonally adjusted Worker Remittance"
"Seasonally Adjusted Workers’ Remittances","30-Nov-2005","TS_GP_ES_SWR_M.SWR0001","1 Workers Remittances (WR)","308.81","Million USD","Normal","","1","Workers Remittances"
"Seasonally Adjusted Workers’ Remittances","31-Oct-2005","TS_GP_ES_SWR_M.SWR0001","1 Workers Remittances (WR)","372.5","Million USD","Normal","","1","Workers Remittances"
"Seasonally Adjusted Workers’ Remittances","31-Oct-2005","TS_GP_ES_SWR_M.SWR0002","1 Seasonally adjusted Worker Remittance (SWR)","326.31","Million USD","Normal","","1","Seasonally adjusted Worker Remittance"
"Seasonally Adjusted Workers’ Remittances","30-Sep-2005","TS_GP_ES_SWR_M.SWR0002","1 Seasonally adjusted Worker Remittance (SWR)","348.39","Million USD","Normal","","1","Seasonally adjusted Worker Remittance"
"Seasonally Adjusted Workers’ Remittances","30-Sep-2005","TS_GP_ES_SWR_M.SWR0001","1 Workers Remittances (WR)","341.1","Million USD","Normal","","1","Workers Remittances"
"Seasonally Adjusted Workers’ Remittances","31-Aug-2005","TS_GP_ES_SWR_M.SWR0002","1 Seasonally adjusted Worker Remittance (SWR)","339.5","Million USD","Normal","","1","Seasonally adjusted Worker Remittance"
"Seasonally Adjusted Workers’ Remittances","31-Aug-2005","TS_GP_ES_SWR_M.SWR0001","1 Workers Remittances (WR)","348.41","Million USD","Normal","","1","Workers Remittances"
"Seasonally Adjusted Workers’ Remittances","31-Jul-2005","TS_GP_ES_SWR_M.SWR0002","1 Seasonally adjusted Worker Remittance (SWR)","319.21","Million USD","Normal","","1","Seasonally adjusted Worker Remittance"
"Seasonally Adjusted Workers’ Remittances","31-Jul-2005","TS_GP_ES_SWR_M.SWR0001","1 Workers Remittances (WR)","313.14","Million USD","Normal","","1","Workers Remittances"
